month,Azuay,Bolivar,Carchi,Ca?ñar,Chimborazo,Cotopaxi,El Oro,Esmeraldas,Galapagos,Guayas,IMBABURA,Loja,Los Rios,Manabi,Morona Santiago,Napo,Orellana,Pastaza,Pichincha,Santa Elena,Santo Domingo de los Tsachilas,Sucumbios,Tungurahua,Zamora Chinchipe
1/1/2001,30.98164568,33.62386592,34.31065039,33.59115599,33.627112,33.19325561,24.33292651,36.18263113,17.04963477,34.30072737,33.43126733,27.23800391,35.31310021,37.06960069,34.22094565,32.38016534,37.53834585,37.51475274,33.86537462,31.82661457,32.35949989,36.49355982,31.7200191,30.39326331
2/1/2001,30.95960039,33.33886764,33.49563296,33.53786584,32.83055265,32.53732722,23.63850201,35.19007006,19.91235796,34.87310404,32.58392768,26.22227204,35.69575091,37.30970595,33.98540812,31.74115885,37.09881043,37.34057049,33.12437252,31.97219074,31.63732701,35.67504182,30.83634564,30.00090702
3/1/2001,33.42193794,34.32574401,34.65274428,35.48677904,34.44802837,33.66759299,28.1205936,36.24952815,18.93429689,37.84617952,33.82859113,30.73773418,36.79971516,38.97201526,36.09087215,33.51496581,39.12965349,39.16214399,34.35421063,36.16990225,32.94777152,37.74246389,32.37701041,32.98610813
4/1/2001,33.16183707,34.56152523,35.00140193,35.21632852,34.10963066,34.06807547,28.72314151,36.9475261,21.94295641,38.93142066,34.22649666,31.09411362,37.26254982,39.38788838,35.50400741,32.96862547,38.6628729,38.84886641,34.69619237,37.12945488,33.68112763,37.35214916,32.26593937,32.15991253
5/1/2001,31.83499516,32.82866345,34.87796581,33.9008622,32.89402062,32.54317596,25.37001455,36.20675856,20.01604315,35.53742406,33.8919,28.12102659,35.12344234,36.63306374,35.21453585,32.92841565,39.02030611,38.70916096,33.95281251,32.21669734,31.92042185,37.83364225,31.21309389,31.59422206
6/1/2001,31.68621947,32.25002416,34.06505947,33.6106743,32.48413197,31.7347322,25.10558593,35.2904249,15.92695437,33.54160042,32.93516602,27.1811155,34.04202456,34.36049351,34.89241451,32.41021867,38.53796155,38.23188343,33.03007327,28.9518572,30.74228653,37.40322488,30.68932921,31.30995512
7/1/2001,29.04064245,30.48873714,32.04095271,31.46329089,30.78846546,29.97337655,20.10660332,32.62243634,13.44430336,28.99440668,30.89447729,22.08092036,31.63225518,30.14923914,33.37729087,31.08140261,37.73984846,37.44143385,31.10213601,23.01767214,28.32308777,36.24685364,29.22665726,28.22934647
8/1/2001,27.81437027,29.47291091,30.67762931,30.30708316,30.07431135,29.08588836,18.31394328,30.18757214,13.88739735,27.2918631,29.52119565,20.41911974,29.69734487,27.54458297,32.39279985,30.31115917,37.03741731,36.62830232,29.89825573,24.15641765,26.86728608,35.40002299,28.48948285,27.14233691
9/1/2001,27.86212976,29.2846868,31.88575475,30.38861827,30.77978746,29.46214525,17.74300509,30.31273681,12.85355492,25.50808631,30.48540901,20.30536812,27.94323947,25.75616676,32.74912241,30.91612762,37.576588,37.06132192,30.45379063,22.37235153,26.38560432,36.02036391,29.25033321,27.13234308
10/1/2001,26.66182126,27.74149232,30.85330407,28.89632556,29.92642277,28.46222717,16.53263449,27.91873016,11.90963925,22.00287815,29.47878466,19.85486882,24.38599984,22.40475736,32.08241428,30.62395803,37.37176675,36.88064129,29.56954551,19.48704613,24.67660449,35.57720562,28.59311192,26.15652559
11/1/2001,28.15973655,28.58303063,32.64571536,30.26735647,31.03465755,29.37112457,19.24126789,29.86123841,12.59972627,23.85779317,31.29508291,23.10956609,25.72524258,24.80762455,33.19980384,31.56550501,38.15975639,37.61978055,30.91762745,21.07413032,25.76134424,36.80343404,29.40796574,28.46480483
12/1/2001,27.97090354,29.09459737,33.39733448,30.38440718,31.18255349,29.88903034,17.8858669,30.21047408,12.17050672,23.51358989,32.00564493,21.61411575,26.45476233,24.35174694,33.32054885,32.08099491,38.53820614,38.05328066,31.60090575,19.02669329,26.47312159,37.36773681,29.67884667,28.00899465
1/1/2002,29.03487396,31.3022416,34.0323398,31.86558389,32.47328956,31.62152621,19.54099126,33.90267551,11.31834612,27.64444025,32.93720931,23.15044256,30.27380052,30.1257645,33.98133976,32.52180026,37.0976539,37.38181145,32.97213334,25.03291874,29.57730504,36.01206656,30.96006132,28.99599095
2/1/2002,30.93662384,33.04813443,34.05623564,33.63214521,33.00501418,32.56209331,22.86471587,35.67058094,16.37345126,33.18028926,33.13789903,25.12567019,34.0252208,35.73025209,34.57665284,32.04342752,37.23544547,37.53529747,33.44017085,32.33369584,31.9564569,35.80340755,30.93014651,30.02866425
3/1/2002,33.74579256,35.08568587,35.02497052,35.91527295,34.79627368,34.35688408,28.98286493,36.9278049,23.32230419,39.1460938,34.18975565,30.44784304,37.56090701,39.88320124,36.04673026,33.77404391,39.27661633,39.30262164,34.79055944,38.6119316,33.80976505,37.87843611,32.67747282,32.32485986
4/1/2002,33.66819973,34.95410483,35.79209637,35.80145746,34.822538,34.48697443,28.75249669,37.07370513,27.52456284,39.16592457,34.89516485,31.81280889,37.3576287,39.3189345,36.20906533,34.12838575,39.13273977,39.17176829,35.27821939,37.58719993,33.6747156,38.10131781,33.05335095,33.1154648
5/1/2002,31.28519156,32.66613271,34.65416767,33.4219715,32.46019669,32.06945621,24.116189,35.93921631,21.8403492,34.90166875,33.56653782,27.39000124,35.0121055,35.68593423,34.74835886,32.29127705,38.55680633,38.39732867,33.45667095,31.13934786,31.56304086,37.46179502,30.6809407,31.08730394
6/1/2002,31.83022132,32.71702339,33.62197039,33.78117419,32.81791172,32.11903733,24.35518544,35.25759561,18.05586064,33.32043202,32.72547103,26.52038817,34.57856296,34.08164634,34.91336364,32.74908366,38.6023429,38.4149609,33.14492979,27.25711776,31.09552627,37.23553878,31.16997156,31.41157028
7/1/2002,28.36659094,30.40624844,32.35750855,30.92955805,30.96659982,29.63122568,18.03687844,32.7279584,14.65558146,27.76321539,30.95827118,20.43930433,31.52647631,29.03796537,33.93445226,31.79314186,38.55375456,38.42875453,30.83882994,20.47325207,27.90447818,36.68872274,29.5244314,28.28343027
8/1/2002,27.89581741,29.4253101,30.58104535,29.94531813,30.2355423,28.76804403,18.54247547,30.01878774,13.9338553,26.71388822,29.23454126,20.50965191,29.60927975,27.2391859,32.83611306,30.75432034,37.16442944,36.87997978,29.55319625,24.19407788,26.43272574,35.68081612,28.84477236,27.56327636
9/1/2002,26.76000424,27.93754146,31.39090153,29.1961902,30.07335769,28.19805775,15.15905269,29.11270418,13.02378125,21.46000361,29.74437449,18.1426078,25.59780303,22.55855632,32.7966706,30.6372416,37.26531085,36.82936185,29.49466904,18.00620245,24.97350362,35.84862779,28.60376742,26.52801719
10/1/2002,26.47366817,28.47477893,33.45868387,28.97183274,30.03484483,29.21042799,16.13358066,32.7066149,12.74652221,23.59100968,32.09750887,19.30472016,26.80094008,26.79267653,31.87502986,30.65775144,37.3497174,36.74107171,31.3338098,21.07216232,27.31515256,36.12185945,28.73095019,25.94725783
11/1/2002,30.27395282,31.38715685,34.40947715,32.2815989,32.30857609,32.07288519,21.1522558,34.92422305,18.5553149,27.6081958,33.29682208,24.60155392,30.55921931,30.57792,34.57272498,32.73157948,38.69735183,38.4756719,33.42836601,25.377112,30.78481742,37.4562608,30.97317157,30.38647739
12/1/2002,29.15188546,31.20510062,34.19068941,31.67000416,31.68473272,32.07837813,18.91855163,35.89340976,17.62383382,26.98244196,33.24808007,22.7930116,30.8709654,32.77875743,33.70229449,31.59926504,37.42457402,37.32872036,33.4993166,24.90833645,31.7102711,36.18303053,30.08635908,29.51732007
1/1/2003,29.02718695,31.77130791,33.45357289,31.71458397,31.55884791,32.09373568,18.89793398,35.30711808,18.05166105,27.7004871,32.56600595,22.36414477,32.28863058,33.39229023,33.24621419,31.01752671,36.41421929,36.83043118,32.98927739,24.47581353,31.64110504,34.95216421,29.96339287,28.87699905
2/1/2003,30.21839777,32.88420518,33.5803399,32.9796907,32.81716461,32.53660612,20.38898721,35.49206398,19.47140347,30.77775141,32.76408216,23.38883912,33.77391576,35.81150254,34.47786431,31.90025641,37.58424144,38.12075912,33.25845445,29.03584059,31.70156526,35.64712052,31.08983939,29.85699298
3/1/2003,32.1068594,33.58796294,34.28789823,34.16363976,33.66028394,32.96061083,23.9066462,35.41491679,18.59192818,32.70449616,33.13478334,26.64515896,35.0676648,36.64530559,35.48133744,33.08108841,38.91555909,38.79278064,33.50968098,30.27651312,31.76710137,37.63211976,31.90486101,32.39267712
4/1/2003,31.71578205,33.55531217,34.85257249,34.2416887,33.54890711,33.19863666,21.18711781,36.27921812,15.99051987,31.21197506,33.79843231,23.91717133,35.13022867,35.23401814,35.38507235,33.1604921,39.03310432,38.87943237,34.05193802,26.43928064,32.42213767,37.8002819,31.67274884,31.45338065
5/1/2003,31.64169878,32.83697698,35.04618115,33.73389208,32.98904977,32.59635069,22.18303282,36.41702938,13.81974661,30.50148648,33.94041138,23.90411781,34.49385757,35.08544814,35.20222986,32.69649379,38.92226246,38.61852685,33.98743167,26.58734101,32.0190595,37.57042056,31.20212602,31.44617728
6/1/2003,30.55069104,32.21065754,34.44678233,33.2069092,32.92984386,32.12790433,19.01737213,35.64941465,16.25229791,27.42644909,33.07019582,21.75307936,32.93771722,33.10279724,35.24247025,33.01508089,39.25698015,38.99120438,33.29165303,23.00727771,31.05494692,37.79956783,31.15532008,30.51947734
7/1/2003,29.75422157,31.06926935,32.45838948,31.73666526,31.29387037,30.51527208,19.07723365,33.41259195,15.43922922,26.40082269,31.17669878,21.65778964,31.44944059,30.88528248,33.93393268,31.08652328,37.66296833,37.56279161,31.4212782,22.58141118,29.06239013,36.32749945,29.65505031,29.67751014
8/1/2003,27.23243342,28.61813187,31.55716219,28.86008446,29.2684859,28.72751533,16.69482511,31.79738011,13.50448,22.74312633,30.12771494,19.19724416,27.80412399,26.86158777,32.323871,29.97296846,37.29876663,37.13460749,30.11937729,20.77001592,26.9537083,35.63842805,28.16059494,26.88402786
9/1/2003,26.98101547,27.29856465,32.32919833,28.18991542,29.41762085,28.82751403,16.60413911,31.44271528,14.79582685,20.87205083,30.85304131,19.44662478,24.21402351,24.90731869,31.99607381,30.05580469,36.85685973,36.60404275,30.5875797,19.22451765,26.49723965,35.57343076,28.57136539,26.99143343
10/1/2003,27.17013826,27.72167603,34.2791009,29.01464862,30.52970631,29.50226759,16.28141812,33.33136357,15.87893131,21.66191093,32.82416817,19.32297505,23.85335022,26.04471321,32.65938297,31.42180055,38.19358669,37.39687398,32.04583266,20.46634929,27.22224058,37.02402843,29.46087763,26.63029253
11/1/2003,27.51041146,28.92160972,34.70402957,30.19286394,31.8436799,30.27408954,15.97698225,34.32262903,15.90208008,21.79565868,33.13389808,19.80255151,24.86628795,25.35738044,33.79208546,32.59171088,38.56063267,38.06748614,32.52288592,19.29262185,27.7135253,37.37941459,30.635312,27.30633098
12/1/2003,29.6192289,31.00605286,34.00903294,31.98668915,32.62891364,31.48737808,19.60960339,34.66325853,12.83897931,25.84602808,32.69684867,23.18117328,28.62429502,29.69358388,34.71863153,32.62820735,38.43237551,38.3614537,32.79275907,22.99570699,29.69335548,37.06864443,31.03564616,29.94013116
1/1/2004,27.19038466,29.98456438,33.76516023,30.09105039,30.98559432,30.66790488,14.92885991,34.04488218,13.67472957,24.16303536,32.3241527,18.74406475,27.49106598,29.94964977,32.24855979,31.33845485,36.05657186,35.71013807,32.22506727,22.32191534,29.0222144,35.65112711,29.63941682,26.80677005
2/1/2004,29.25038638,31.50847203,33.12556024,31.95862403,31.91911189,31.42743935,18.96232541,34.62096859,20.00918968,27.44878044,32.03714406,22.47051964,30.16366277,31.76743749,32.95695022,30.47515816,34.88829557,35.60902287,32.23507875,25.30019466,30.38003517,33.75608917,29.74581594,29.27994097
3/1/2004,29.62913044,31.8348763,33.50607785,32.10040824,31.69991911,31.51737243,19.58822595,34.95644415,16.6550542,28.73921044,32.43591497,22.70707053,31.77233589,33.625483,34.22566287,32.00489191,38.40113073,38.35912906,32.63499448,26.67614462,30.73767173,36.79578448,30.06687271,29.70349225
4/1/2004,31.43791002,33.35919377,34.60058883,33.82788901,33.63212921,33.04318736,21.32303651,35.06555567,19.53860976,30.55639116,33.53608475,24.6264077,33.84995895,33.61841896,35.47491166,33.52800322,38.97100774,38.90135652,33.86556697,26.06716932,31.62316987,37.92140505,32.05437269,31.97574081
5/1/2004,31.45248371,33.50671167,35.36105259,33.98769274,34.01252857,33.48601219,21.24652976,36.58570003,14.84323155,29.7366819,34.37371299,24.18492737,34.16405759,34.22620748,35.82096604,33.94522888,39.23230205,39.13160367,34.63693226,24.81624238,32.55803122,38.1718688,32.55888446,31.67822278
6/1/2004,29.90407961,31.5922372,32.73784247,31.92383558,31.81863762,31.69940871,19.53617803,34.18065944,15.47187677,26.99118155,31.66552758,22.69269215,32.62991087,32.93936327,34.8087581,32.77678345,38.74863723,38.44892082,32.65291238,23.16151789,30.57546949,37.36835903,30.54365576,31.05859798
7/1/2004,28.6087221,30.30837161,33.32318979,30.70575419,31.17257475,30.28137522,17.16424416,33.90381415,13.85786022,25.33325799,31.97613437,19.97355516,30.48533038,30.39941406,34.25566361,32.18838477,38.8284606,38.6085089,31.90545525,22.08145805,28.82105556,37.19516009,29.99823573,29.19671459
8/1/2004,28.20855226,28.77284751,31.17938906,29.8046161,30.61709334,28.92181339,17.91522997,31.03805782,13.26545126,24.37134996,29.84375669,20.91114623,27.89520749,27.5054636,33.26345646,30.72166611,37.56063236,37.3510572,30.03339046,22.44593775,26.37665481,35.91531925,29.31567677,28.61655134
9/1/2004,28.41321543,29.20678837,33.27897827,30.46097257,31.28136995,30.06970984,17.39433424,32.91802014,14.27640117,23.30056551,31.99798529,21.0326482,26.88357741,27.50466684,33.44477389,31.15186615,37.98053312,37.8587199,31.68136878,21.87687522,27.53549176,36.3855213,29.78932517,28.96212928
10/1/2004,28.18012064,28.74088308,34.17665515,30.21788375,31.09930959,30.28735822,16.59486834,32.99236397,13.91602099,21.62032648,32.51449473,20.94606821,24.85956131,25.61159084,33.41496904,31.69496796,38.09248734,37.86801075,32.16993471,19.60525205,27.49754659,36.64431302,29.83791765,28.95992254
11/1/2004,29.58207466,29.66354544,34.05582604,31.76105908,32.4879546,30.86164473,18.77111712,31.81913989,13.22059624,23.18436208,32.44821544,22.94256043,25.39174982,25.08027483,34.77262422,32.65907169,38.77144912,38.57648295,32.31231931,20.43146249,27.3951804,37.56448502,30.95482111,30.49447395
12/1/2004,28.45868443,29.49929319,33.1484459,30.88196821,31.93669383,30.60103779,17.87245743,31.13012432,12.53564209,22.59729216,31.51377077,22.80796333,25.05465217,24.81165915,34.09405783,31.64490545,37.59302051,37.6659785,31.60033705,19.69920083,27.3417159,36.63553805,30.56231713,29.9581217
1/1/2005,27.51481246,29.34802664,33.11183132,29.95845339,31.01591341,30.47173144,16.73527756,31.61172611,15.30862859,21.84427232,31.56028407,21.50416715,25.39282032,26.67444602,32.9597962,31.61312463,37.50132949,37.30006234,31.62453298,18.86445799,28.05376837,36.31956574,29.84497222,28.68202098
2/1/2005,29.69239296,31.29728416,33.88237546,31.9320619,32.44726386,31.85906838,20.1236637,33.75671137,14.70907383,26.63713654,32.70722054,24.10316255,28.99766175,31.77221652,34.28309565,32.64148972,38.29735817,38.45312248,32.91502773,25.99017921,30.13771381,36.96403096,30.96031505,30.75861562
3/1/2005,33.26357989,33.80842817,35.46776152,35.26737555,34.91421384,33.80929692,25.40838393,35.75393063,19.75326231,30.7062097,34.36790715,28.59486185,32.32864779,34.01968778,36.21229714,34.00529246,39.40264428,39.1731002,34.6107809,28.91913301,32.22933842,38.37489287,32.99241544,33.59969887
4/1/2005,31.37844562,33.50612573,35.80084349,33.80039455,33.32492393,33.41828312,20.73118867,37.21462758,16.81467742,28.84106406,34.50948259,25.05814395,33.27361845,35.38890072,35.1908636,32.89742736,39.22078191,39.01424949,34.42098346,25.77668919,33.23430366,37.98367246,31.34720587,32.11434068
5/1/2005,31.02219077,32.61064365,34.63054475,33.33652819,32.91783991,32.06683524,19.89175867,35.15944639,13.86443979,27.29159017,33.34425044,23.97557533,32.33537822,33.48176031,34.94379102,32.61938034,38.85335382,38.47510634,33.23467484,23.84796645,30.74909181,37.57911045,31.12279356,31.94787018
6/1/2005,29.72475994,31.23940345,32.86852799,32.16988528,32.29246408,30.67912746,16.62766731,32.68191259,13.51351473,22.77603518,31.41570372,20.46708263,29.14817529,27.82043032,34.61247144,32.06463841,38.56656156,38.37510483,31.62728233,18.51250253,28.31000723,37.02368179,30.15180965,30.50877915
7/1/2005,29.63581021,30.51476257,31.22604358,31.85369521,31.53170427,29.87229594,19.01867659,31.14698809,15.12251861,25.94656658,30.07113151,22.08459968,28.99612171,28.80399996,34.0516675,31.18792533,37.88108698,37.75302128,30.72084453,23.27987302,27.80783849,36.15146355,29.06782557,30.22986046
8/1/2005,25.35999897,26.12940947,29.15636529,27.36270586,28.09982429,25.93943185,13.71951183,28.4595275,13.40098652,19.90651425,27.93445532,17.08782561,22.49323903,23.2921926,31.22017527,29.01830104,36.57274744,36.36397567,27.65876487,18.69260759,23.94941164,34.36439527,26.14083804,26.22580395
9/1/2005,25.26081256,25.54908962,30.13682731,27.4783489,28.88094292,26.0581604,13.97507813,28.23069355,14.06416773,20.61707559,28.67990917,17.28866157,21.91117498,22.83058166,30.67003775,29.10424596,36.36161625,35.43856,27.98739426,18.74658497,22.94046143,34.87647383,26.81783632,25.32688717
10/1/2005,27.92839099,27.33909484,33.1439345,29.99520959,30.95473068,28.7471981,18.30248011,30.67237086,15.60894264,23.06484409,31.53758396,21.41627149,23.75792871,25.07657704,32.36725962,31.561954,38.09609065,37.01454438,31.06731719,20.8245647,25.19331035,36.75099115,28.82463335,27.71443546
11/1/2005,27.15751574,27.36149207,33.20587938,29.53789762,31.02170189,28.94235474,16.03688141,30.07120444,14.2673204,22.1615059,31.36421137,20.17987959,23.30570864,25.22236185,32.80207002,31.99189791,38.32280104,37.82729862,30.82792059,19.9303898,25.0007222,37.09728127,29.34611258,27.11509536
12/1/2005,29.22390235,29.9062271,34.32565053,31.60993972,32.70782987,31.14635318,18.71203472,32.71596449,13.72750861,25.21778401,33.0080378,22.23434523,26.71977279,26.59991622,34.37713708,33.15736515,38.18541874,38.18986779,32.82355338,21.60144757,27.52668091,37.3716969,31.21017295,29.05284341
1/1/2006,29.64792333,31.03950119,33.92308526,32.04131834,32.58470591,31.55026512,19.90610365,34.07295364,19.67574655,27.11059194,32.66227134,23.62733488,28.90871767,30.15796892,34.25052437,32.23539975,37.84057032,37.86330186,32.78220195,23.52429498,29.17687355,36.80195215,30.69600682,30.20855738
2/1/2006,31.73542081,33.87636319,34.87441086,33.95564509,33.81186335,33.36301763,24.09202986,36.54988606,23.07830483,34.01859075,33.73019693,27.17038288,34.63150078,36.95914655,34.87059135,32.7952662,37.65833237,37.91692847,34.01716185,32.28820363,32.34347203,36.64119695,31.70583186,31.76882938
3/1/2006,32.5114162,34.00348475,34.92724466,34.53070642,33.85401327,33.77123646,26.23841002,36.53257553,17.22317282,35.47590406,33.96211899,29.2060114,35.95427548,38.08611998,35.92168865,33.65880821,39.21570263,39.47549508,34.52572523,33.20335504,33.28479186,37.95535301,31.86100446,32.92864843
4/1/2006,31.28814827,33.1504794,34.99400443,33.48968416,33.39878009,33.05809768,22.09769762,35.62238446,18.56989386,31.35406135,33.89022551,26.74181555,34.43006885,34.43861298,35.23765401,33.38117995,38.96202023,38.86198232,34.17219716,25.98163164,31.90012361,37.82249098,31.67928853,32.18454089
5/1/2006,29.33389507,30.7611729,34.00548769,31.04936832,30.65794437,30.98621351,19.26886549,34.80547237,13.12226365,26.72121819,32.96807289,22.6263898,31.7493082,30.31703328,32.90946821,31.31905574,37.86779578,37.25511555,32.86426843,20.9401344,30.43695121,36.69783792,28.7406225,30.12267731
6/1/2006,30.75084155,31.30033324,33.81895775,32.31347398,32.20381514,31.25420391,21.6070996,35.42648724,15.69823058,26.79368788,32.72222087,24.23777576,31.33019092,29.86427429,34.40128957,32.12647603,38.57613702,38.32576881,32.89426215,20.24065741,30.40399439,37.11001072,29.96612237,31.35714298
7/1/2006,26.32561234,27.28176232,30.21014459,27.84192506,28.18078815,27.1721699,14.81067197,31.70624693,13.05764821,21.08810686,29.02878072,17.94843397,25.81035696,24.63799228,31.3529157,29.25393779,37.05420783,36.50120645,29.12234059,16.90037696,26.71144709,35.25648685,25.95720424,27.44056267
8/1/2006,27.40714267,27.97709989,31.50517026,29.32821102,30.15323423,28.31191538,16.7437259,32.17264206,13.56822695,23.78764586,30.51811269,19.62342321,26.57336021,26.87665345,32.02952217,30.16608649,37.27246613,36.47706258,30.15596762,21.39583819,27.07812531,35.73494514,27.80354748,27.68239734
9/1/2006,27.4367471,27.76276,32.41771158,29.60970988,30.4919101,28.40423269,17.20238926,33.64445855,15.06940686,23.49851522,31.22669687,20.28806199,25.39180656,27.24194895,32.67974048,31.0411554,38.2523076,37.73134472,30.65753492,21.70409981,27.35183396,36.32173482,28.04711125,27.66987183
10/1/2006,26.1307846,27.40941035,32.37939701,28.85299787,30.58772097,28.48566165,14.08174537,32.048784,13.86094058,20.42210514,30.77242115,18.42783212,23.11358992,24.10523861,32.08551162,31.24795456,38.19737599,37.4963097,30.35462806,18.3373379,26.0339623,36.37684652,28.47391434,25.78561955
11/1/2006,29.95213614,30.99046222,35.61725199,32.08362082,33.19301111,32.45032922,20.46927996,35.79429052,13.8720864,25.90587517,34.46459531,23.38968678,28.48881998,29.57339946,34.48743531,33.51927975,39.08808202,38.5172277,34.29891075,22.07260499,30.79653766,38.1317055,31.64400435,29.14857393
12/1/2006,30.046838,31.12713274,34.520958,31.85370961,32.65405246,31.64612945,20.56220694,34.4724228,13.99039943,25.61895801,33.0906186,24.4937413,28.66184752,28.77628298,34.81148427,33.10594872,39.04687696,39.0426079,32.98723612,20.92207142,29.7994202,37.74343206,31.00414195,30.52023557
1/1/2007,28.59987543,30.61692475,33.09703675,30.78011999,31.12808976,30.57640168,18.72118397,34.35257155,18.69023265,25.68336991,31.97504012,22.41095092,28.89211053,29.32926127,33.09390969,30.97638341,37.42253914,37.65320602,31.9060461,22.50767435,29.62209472,35.75605594,29.13024847,28.69740241
2/1/2007,30.16940131,31.60407366,33.09132597,32.2867431,32.17776285,31.69120491,21.00261794,35.05018646,21.81571846,27.59698675,32.16971572,24.25262585,30.80605198,31.75410597,33.6427234,31.47134026,36.22937201,36.87727048,32.61775984,24.22626432,30.94598289,34.57003119,30.12624182,30.12661458
3/1/2007,32.02638798,33.4636907,34.79020218,34.21733747,33.49641042,33.30157501,23.48675413,36.61073533,20.33137152,32.56436372,33.88491267,26.43576218,34.2154456,35.34939644,35.1142257,33.2048547,39.21051415,39.09134146,34.2419418,29.46374744,32.82572076,37.40971541,31.36101217,31.57856044
4/1/2007,32.77625848,34.08181238,36.00255908,34.94897263,34.44483941,33.8964716,24.09466062,37.29553201,17.53025869,33.04639974,34.89832344,27.29929788,35.23909603,36.28445918,36.10926142,34.13747842,39.52270998,39.37595999,35.00737807,27.99496746,33.2508169,38.41806309,32.45805111,32.57383607
5/1/2007,31.08625214,32.92586731,35.36294084,33.70284962,33.28745549,32.76281522,19.5877729,37.12594766,15.14287687,29.3175382,34.24599306,23.14931885,34.01753196,33.85566897,35.09280767,33.06833515,38.75100055,38.65719378,34.27706197,22.26849164,32.55554751,37.52554649,31.06107453,30.81011197
6/1/2007,32.1111171,32.96280231,34.13227473,33.85276851,32.85355637,31.91042111,22.95498312,36.02866172,14.45548189,31.73658021,33.01009871,25.25609182,34.58681248,34.46823993,34.93962754,32.75259013,38.8544855,38.69384749,33.27196652,24.90662391,31.26895214,37.58278525,30.43900115,31.97913085
7/1/2007,29.02373644,30.25911634,31.40750111,30.79414701,29.90528644,28.82144473,17.97237858,33.42860178,13.4701552,27.3239828,30.12085295,20.68315418,31.43160996,30.6015508,32.63899926,30.2641026,37.20316464,37.02089895,30.29360931,21.88964426,28.35773239,35.69995543,27.3173818,29.32224732
8/1/2007,27.8074912,29.23227834,31.67483814,29.8601396,29.7772022,28.81610673,17.00625365,33.39792962,12.84847134,25.83938479,30.24113824,20.31052138,29.28597849,30.03685029,31.57482708,30.06601961,36.90878947,36.57264627,30.42080511,22.71803627,28.10619057,35.29128107,27.41796697,28.25164464
9/1/2007,28.04372913,29.16306432,31.78485331,30.61267382,30.81967429,29.07566282,16.32915113,31.9992778,12.94688214,23.85907064,30.32432755,20.21309564,27.34216143,26.98195726,32.51190876,30.77517735,37.70557774,37.25974156,30.52324157,20.01972803,27.09922042,36.15987182,28.09740435,28.25911398
10/1/2007,29.11842458,29.60538593,33.47892074,31.37152311,31.46868397,30.31363406,18.86555062,32.69708024,13.93062392,26.05368939,31.76919707,21.84585172,27.40008402,28.43029233,33.23343278,32.26286317,38.53305709,38.12180348,31.94057341,23.70995039,28.03758951,37.20741521,29.29653593,29.08948531
11/1/2007,30.88775327,31.33550291,34.01803751,32.67210112,32.76536569,31.87137522,21.0646817,33.33711691,12.74837692,26.6662525,32.60262246,24.48262506,29.14781491,29.77883381,34.85923416,32.93581478,38.92256843,38.93448073,32.93645415,23.03815226,29.73641513,37.59081915,30.9190022,31.49893854
12/1/2007,29.87308851,30.8894811,34.11112162,31.91463966,32.06609317,30.99578126,19.06811801,33.24996437,14.42481136,26.12797344,32.59735038,21.93649408,28.58138984,29.13544738,34.14127286,32.97185335,38.46392092,38.48980029,32.41342607,22.53556864,28.77454373,37.39159021,30.23152475,29.094665
1/1/2008,30.66886019,32.44723753,34.18726469,33.08186476,32.95283727,32.47065609,21.02720977,35.36383087,17.02401233,30.23092641,33.11833395,23.65917254,32.04816106,33.78174661,34.29025591,32.55806792,37.70904905,37.90709074,33.50511457,27.3938898,31.12622036,36.49629914,31.0715957,29.84299397
2/1/2008,32.20102432,33.69908047,33.87283842,34.08762973,33.60188429,33.26790386,24.5581947,35.97297707,22.7184786,33.4079067,33.05403769,26.92938642,34.43045411,36.82556483,35.16269606,33.27182401,38.00541035,38.43170922,33.88382598,31.32628226,32.24179236,36.51004051,31.78516238,31.7454214
3/1/2008,34.11908866,34.97442356,35.47992091,35.90452677,34.87073522,34.03799792,28.82005211,36.9862281,26.41358303,38.00445332,34.51868758,31.91915221,36.93948383,39.17778929,36.01781154,33.42935383,38.57031287,38.8409963,34.63211569,36.15170046,33.00583314,37.41538728,32.75571255,34.18344473
4/1/2008,33.36406067,34.18241734,35.25922699,35.17928606,34.11807999,33.64276554,26.95142791,36.33726469,22.84324951,36.7935789,34.20337195,30.73572238,36.30808343,37.49264874,35.79683585,33.49436805,39.05898118,39.09949612,34.43174187,33.03662723,32.79279571,37.86258663,32.21407599,33.30058806
5/1/2008,32.54495142,33.27428814,35.18228854,34.45031703,33.31184811,32.69635614,24.64168662,36.46341052,18.85523938,34.91626714,33.98735595,28.07016384,35.21231899,35.93969072,35.24397524,33.14670372,39.18314421,38.95697824,34.00590104,29.76997785,31.92798727,37.84012232,31.14979405,32.58625797
6/1/2008,32.27126541,32.70266097,34.91380299,34.22483123,33.05114805,32.22708258,23.73900516,36.23648575,16.75435971,33.13818925,33.86057171,27.04407659,34.18112429,34.45906158,35.05968578,32.78670085,38.78797985,38.5565837,33.88533565,26.89642247,31.45774256,37.48081578,30.68183187,32.52502341
7/1/2008,30.95444669,31.57244589,33.65357202,33.06769111,32.22140252,30.88556111,20.99592714,35.63367761,16.16382348,29.70720297,32.38181147,24.47250034,32.39851677,31.489457,34.21056902,31.72849997,38.21401454,37.93480245,32.52950672,23.13714532,29.97488215,36.68642637,29.51829418,31.32741014
8/1/2008,30.0119231,31.19605985,32.9165602,32.23248069,31.68899076,30.57535668,19.28922063,35.13192602,14.5426153,28.21548353,31.41990209,22.78614388,31.59533511,30.21445395,33.3196478,31.3234222,37.88664005,37.49178522,31.92699195,21.82763653,29.49044719,36.34184381,29.24779672,30.26688775
9/1/2008,29.25647762,30.85214805,33.28419091,31.54472391,31.39578688,30.76772509,17.73687285,34.99236309,14.41087148,26.07533617,32.15246392,21.73130923,30.699721,29.26993581,33.11493399,31.53415922,37.73534727,37.40251963,32.35594793,20.24486763,29.80018842,36.25421121,29.17802141,29.63762146
10/1/2008,31.30720507,32.32217192,34.33369019,33.23169518,32.72014272,31.9484191,22.00085424,35.30679623,13.94760505,29.05067557,33.12065613,25.64619194,32.69812059,31.2467041,34.33987204,32.57648501,38.56030479,38.2661898,33.2483107,23.37372419,30.70140531,37.2736401,30.50788775,31.65935262
11/1/2008,30.27819612,31.13070622,33.1204114,31.99595621,31.64770632,30.27640229,21.16382084,33.07820051,12.11506818,26.76548266,31.34945518,24.33171771,30.76184927,29.01849096,33.92172389,31.71238385,38.57746065,38.35171718,31.24903588,21.9558022,28.57806704,37.31928094,29.42099615,30.27041349
12/1/2008,29.51691949,30.8349121,33.30839361,31.52475588,31.67457063,30.51524247,19.10807296,33.21726242,12.27113618,24.73936438,31.71525353,22.55623902,29.5992298,28.67270293,33.62514546,31.82248453,37.31918317,37.38319749,31.64143546,19.7792929,28.63186139,36.45323397,29.63350295,29.09210515
1/1/2009,31.68380453,32.82820585,34.50237554,33.70202726,33.59668423,32.54405278,23.05155037,35.54379006,22.47077058,30.43020705,33.23696033,26.54284916,32.52712117,33.97538359,35.3566088,33.57592998,38.82810216,38.88444482,33.46392646,27.4342186,30.88543006,37.47364271,31.58784173,31.54092071
2/1/2009,31.95767194,33.76014556,34.60307924,34.02072324,33.57964769,33.23841982,23.66799687,36.09396361,22.17159809,34.0921568,33.53967432,27.33227347,35.21974267,37.02532595,35.20783355,33.36748153,38.99204875,39.02592476,33.97013027,31.8528596,32.27135485,37.69992277,31.8545258,32.12610501
3/1/2009,32.01057803,33.18383916,33.8694762,34.09458297,32.90509568,32.49930279,23.16221794,35.23100511,14.7672959,33.90568776,32.80016689,27.04695111,34.97427035,36.01457893,35.17019906,32.5721307,38.58635307,38.59960127,33.27212694,30.576483,31.62022078,37.14648278,30.61868279,32.15495106
4/1/2009,32.27815891,33.23568396,34.72515828,33.97249216,33.49274533,32.66365811,23.46463403,35.30479999,19.10585159,31.59826687,33.59472957,28.146608,34.1409362,33.94941218,35.55371376,33.4188676,39.18742873,39.20833127,33.76414161,26.39384593,31.16561617,37.8114792,31.76910155,33.23791752
5/1/2009,30.8023253,31.82581947,34.23904751,32.94972271,31.85859436,31.12642951,19.62436349,35.20542861,16.47094347,29.14404375,32.9755106,24.50931476,32.76109149,31.77488884,34.36073345,32.14476218,38.80367699,38.58925351,32.80728743,23.78586878,30.50795489,37.35582268,29.23715331,31.12756999
6/1/2009,29.37541981,30.81378863,33.62066705,31.79394298,31.27884323,30.37715645,17.02601901,33.99606058,14.27881078,25.35909359,32.36879281,20.9067464,30.7979712,28.00439127,33.98682341,32.1101133,38.97727234,38.6920994,32.3219628,19.13939891,29.34446155,37.25199108,28.57852141,29.63320129
7/1/2009,29.9590664,29.97349483,32.51262449,31.64640797,30.94758494,29.57960449,19.37395234,33.28842609,13.29631766,24.67053581,31.25084953,22.99654907,29.15664511,26.30209847,33.90886771,31.29470164,38.27332045,38.08195167,31.44022247,20.37705333,28.17760724,36.60481175,27.93331578,30.84311475
8/1/2009,27.58165904,28.54696674,31.41445561,29.67413749,29.99688862,28.44306301,15.16355634,32.0105878,12.76244231,21.55769617,30.12633667,19.06853493,26.42001875,23.44274826,32.63479339,30.72963496,37.83515516,37.56557204,30.29790603,17.471989,26.76042402,35.9531695,27.33497233,28.4107181
9/1/2009,26.70539804,27.33213076,30.50523229,28.83810301,28.9597922,27.42816502,14.79400662,30.93648574,12.88544539,21.50671473,28.8607227,18.5841729,25.09545384,23.39851904,31.46883253,29.71606423,36.71451238,36.56949592,29.14351886,18.69245064,25.82976933,34.77948031,26.08541262,27.195127
10/1/2009,26.89338962,27.36528028,31.21608089,29.4121675,30.0603827,28.12739378,14.36685657,29.229145,12.67462122,20.17865061,29.5378447,18.68189746,23.0770802,22.11820144,31.57872564,30.35004808,37.49158935,36.85784906,29.72971043,17.4497701,25.12497093,35.66795339,27.05044287,27.05673396
11/1/2009,25.76078257,28.42865156,32.42945395,28.60969324,30.23003114,29.5382729,13.67095936,30.70378607,11.27879484,20.95044184,30.76393856,17.9290869,24.96906211,23.99254957,31.76307161,31.06017843,37.37525024,37.03364152,30.86876439,18.77639922,26.73420196,36.03639199,28.70486442,25.00957853
12/1/2009,25.69418831,27.76953323,33.26929436,28.04179831,29.19830852,29.31606155,15.38692514,32.31156406,10.65216198,20.98053278,31.95854944,20.102945,24.54075652,24.4291834,31.34728977,30.6940501,37.33108393,37.29088405,31.51301354,17.98504351,27.7035526,35.7235287,27.75097021,25.76494799
1/1/2010,28.35789978,30.47853443,32.35552284,30.62765111,30.93296368,31.05321907,19.48364833,34.00886054,15.08577619,27.67950633,31.46117292,22.68726715,29.97761403,30.4650732,31.98345888,30.51953501,36.48521912,36.77285125,32.08088986,24.89418292,29.97846383,34.26793097,29.04766638,27.59073006
2/1/2010,29.55962004,32.26661652,33.37728748,32.15322058,32.10651717,32.24184246,20.66914557,34.9251121,24.33102052,30.35640242,32.26077578,23.49825375,32.84098917,32.49769948,33.06871077,32.03141621,37.64737134,37.87436138,33.03975015,25.90692371,31.32446669,35.64557048,30.0903199,28.34112838
3/1/2010,31.81693859,33.68565815,34.3217769,34.06647623,33.56701558,32.99523974,25.00523002,36.55376133,27.48238156,35.01759094,33.13048337,27.65155718,35.58396776,38.03518654,35.11948276,32.9469014,38.709025,38.76846419,33.59001458,33.25813463,32.58960883,37.48105348,31.48531929,31.46910933
4/1/2010,32.55083432,34.45603777,35.44905555,34.90902361,33.99564641,33.96229304,24.17150725,37.30566268,19.21979576,36.32893825,34.42055312,26.27949134,36.63806463,38.45807381,34.84304212,33.43331654,38.79673951,38.63938017,34.82944446,32.41818108,33.50806833,37.69717393,31.92163199,31.09340512
5/1/2010,32.39125088,33.50259202,35.04432807,34.78142061,33.99324308,32.83548258,22.69347397,36.1903233,20.97399933,34.63853813,34.00487167,25.6304324,35.35698722,37.3651112,35.50032871,32.93378524,38.50943646,38.5556441,33.98214595,30.42900171,32.15097566,37.39400807,31.59821872,32.09769445
6/1/2010,32.43504458,32.56162651,33.43984046,34.10050038,33.03758508,31.82337154,23.66187023,34.61276965,16.14177171,31.87533097,32.10276351,25.97439827,33.7083933,33.70283879,35.10011911,32.75585124,38.89622203,38.71391314,32.82609869,25.38955893,30.21113376,37.33453323,30.61647726,32.37320176
7/1/2010,30.90383226,31.41465342,33.65881237,32.78043143,31.82739491,30.9388594,20.47797813,35.32126549,14.61587428,29.05446089,32.47431043,23.33175835,32.46844736,32.37923167,34.00742125,31.97064208,38.06698425,37.71149212,32.6481234,22.90460227,30.32239624,36.70741943,29.17845227,31.07488303
8/1/2010,27.05599141,28.40315191,30.04416945,28.2102791,27.97380735,27.72369767,17.11487423,32.18426471,13.93633596,24.44897672,28.89071203,19.73946262,29.14395121,26.89038618,30.19902996,28.67189148,34.58948595,34.39644879,29.55691227,18.45714766,27.28884068,33.37065953,25.49842647,27.36502818
9/1/2010,26.92803942,28.1281771,31.83807098,29.0792018,29.78483061,28.55624798,17.4531483,33.06199225,13.0748281,24.83570434,30.68838134,19.37157853,28.59735336,27.0898114,30.64555213,29.06625874,34.91157772,34.15693315,30.77520279,20.37948335,27.36129548,33.97871105,26.88494248,26.67697261
10/1/2010,26.82524693,27.75895837,32.57699878,28.99873465,29.76762237,28.46953736,17.2696955,32.1029745,13.27629603,23.96057919,31.13642176,19.39076299,27.72662111,26.21370484,30.09833996,29.55884151,35.52865708,34.4107904,30.61166802,19.94234195,26.7025325,34.68663613,26.80929675,26.14184797
11/1/2010,28.69356317,29.25487299,34.27232115,30.29971352,32.14870482,31.03321822,19.43254202,33.69958114,14.17136269,25.40861221,32.77165292,20.74543897,29.34168956,28.27091871,32.67994639,32.34437677,37.88847184,36.8125701,32.75855226,21.13958785,28.45552446,37.22422764,30.51765902,27.20434785
12/1/2010,29.45712586,31.48510931,34.62319818,31.60952332,33.24573167,32.51553482,20.07059809,35.70255723,16.63176063,29.10176512,33.72687979,21.98519705,32.67672822,33.02405186,34.24809144,33.32390033,38.26163998,38.07043566,33.95899645,25.36806461,30.70167148,37.11694777,31.7702224,28.62264237
1/1/2011,29.68296282,30.85464698,33.4418476,31.27317938,31.98741083,31.28035668,20.88512383,34.79010417,19.86233469,28.51950055,31.97238854,22.14296845,32.48646843,32.43340701,33.52239033,32.21686189,36.62974051,36.9448406,32.31763831,24.87587487,30.47081546,35.50950136,29.8581481,28.41964945
2/1/2011,31.27195728,32.31777955,34.40708822,32.43375663,33.3951554,32.88077596,23.3571768,35.45295164,27.96866429,31.1791679,33.20772536,24.95861418,34.27755271,34.93138292,35.00794108,33.18885981,37.48229653,37.95122048,33.80577422,27.58624257,31.77232725,36.55048227,31.86149147,30.90531736
3/1/2011,31.03544545,31.80679989,34.16295806,32.06283395,32.78549537,32.24555427,22.19171456,34.96642124,24.22071041,29.31990106,32.92907338,24.57245937,33.91892803,33.13715343,35.22136153,33.1358056,38.58937788,38.641138,33.14200951,23.50552537,31.29910184,37.41237747,31.25202028,31.41486029
4/1/2011,32.87202257,33.99968657,35.4232684,34.34239016,34.04407458,33.69316255,25.21240614,36.67115151,26.96204011,33.74111472,34.68388227,28.50071848,36.30127476,35.6590842,36.02162413,33.76244246,39.07599095,39.09005311,34.45919236,29.09371376,33.21646886,37.80833883,32.13706137,32.93073048
5/1/2011,29.9995761,30.83844868,33.52846213,31.15983893,31.67247531,31.00407017,20.47688346,34.21710893,21.11811984,27.39266764,32.39563342,22.27172369,32.94811171,29.75089188,34.17884681,32.50278499,38.18291449,37.95062448,32.42722809,20.72714347,29.60598284,36.94179644,29.99223827,29.52588788
6/1/2011,28.60091997,28.72674512,32.21137963,29.89956018,30.75872372,29.14485223,18.51747082,33.26070551,19.95478176,25.07296459,30.88892216,19.11496302,29.86528776,27.31600475,33.47853545,31.39482473,37.87915426,37.39763796,31.15477237,19.68525982,26.91722997,36.31783824,28.48842799,27.97120079
7/1/2011,28.03652391,26.79746164,32.17595694,28.12251585,29.80504128,27.57510399,18.68343722,33.62028047,15.88875547,23.78689794,30.97929592,19.58275753,27.58735164,26.48692522,33.33116797,30.94824747,37.55196944,37.52057422,30.3457772,20.50051565,25.98141348,35.72829142,27.48074574,28.08917558
8/1/2011,26.83732203,26.39795369,30.29497487,27.19311828,29.53770338,27.74978349,17.46837778,31.36392496,14.08564572,22.15052667,29.24911026,18.77443516,26.61184453,23.90964301,31.81881487,30.15980963,36.34969105,36.17318667,29.84537211,18.04549755,25.98488795,34.20846055,27.61365565,26.67839489
9/1/2011,26.77124248,24.77920002,31.63505991,26.38653815,29.22488805,27.05651571,18.29756157,31.40650202,13.13627934,21.49951002,30.40253717,20.28632539,23.68719063,22.77110967,31.40680292,30.06794037,36.0115101,35.92689427,30.10504926,19.15775042,23.97848477,34.31910359,27.32368888,27.69370856
10/1/2011,26.8694932,25.40492254,33.01726388,26.99450605,30.19517973,28.15271096,17.41246631,32.10427331,13.59296453,22.23046755,31.68099858,19.01015517,24.11749597,24.51003744,31.5725723,30.83270547,36.82053199,36.43547552,30.93810911,19.85727197,24.64114578,35.45030799,28.87937976,26.45957916
11/1/2011,27.52175509,24.9335985,32.71754708,27.56529777,31.35011422,28.25420153,18.6387558,30.04200127,13.82143052,21.87102159,30.61827551,20.3874802,22.7176285,24.06129748,33.21113489,32.51268418,38.27776588,37.93597702,30.60298174,18.99079654,23.43623909,36.82913782,30.296957,28.01659253
12/1/2011,27.58713195,26.2260784,32.33159972,28.27767232,31.17444361,28.78685592,17.87166807,30.74677698,13.47102461,22.17499817,30.65865018,20.15747299,24.40578097,24.2402496,33.57685193,31.91825741,38.22145816,38.24996511,30.87040364,18.84206687,24.19011361,36.61525781,29.6730642,27.77386779
1/1/2012,30.26757301,30.74929233,34.06162774,31.73677814,32.51702747,31.81935278,22.81078045,34.82108849,21.48784537,30.64231203,32.86371901,23.98080737,31.63108341,33.28159128,34.52404305,33.09382667,37.74244491,38.29097423,33.22529574,27.93964929,29.9568177,36.40010725,30.41253901,29.85220698
2/1/2012,32.05326993,33.24658178,34.04243649,33.67404861,33.19778358,32.79889065,26.15717007,35.95071098,26.03455732,34.97778577,32.82552205,28.40021947,34.92117456,37.41204566,34.83106207,33.06296563,37.79306585,38.25015384,33.42814614,33.23433125,32.15257802,36.50650008,31.17099889,31.69839943
3/1/2012,33.08584647,35.1450798,35.05335779,35.77874201,34.10014677,34.32965183,27.01607726,36.85829546,23.11167024,37.84252175,34.74613412,30.37135026,37.63226144,38.97401795,35.281933,33.49216911,38.86508583,39.03193738,34.98001732,34.16327219,34.00909467,37.22400165,31.88198107,31.99914965
4/1/2012,32.86805106,34.11124935,34.94213235,35.12628075,33.93777493,33.34059314,26.56445049,36.3589738,27.73179545,36.70814062,33.97566896,30.5783185,36.54910258,37.32944873,35.58701466,33.43406498,38.59427194,38.85216851,34.01755593,32.02854496,32.85828432,37.4898942,31.68184351,32.82521157
5/1/2012,30.60343918,32.5334473,33.76418392,32.8868336,31.9772558,31.82941639,22.86899764,36.57674123,22.81695271,34.44423399,32.93622018,26.04670084,35.37249426,36.5850413,34.14286803,32.11407884,37.95864857,37.97989496,32.96390649,29.17101822,32.18439992,36.44948975,29.74065762,30.64469268
6/1/2012,28.9219324,30.30302636,31.78783313,30.35705669,30.48688798,29.59652191,20.47727082,34.51515475,17.60318414,29.57544277,30.97361034,23.06965204,32.86078301,32.3217243,33.20883733,31.20622998,37.38791499,37.35916436,30.97719862,23.24609118,29.75119005,35.40734135,28.35247858,29.61800897
7/1/2012,29.16615228,29.48074597,31.28312323,29.3867598,30.39799342,29.31626983,21.52963579,33.15495488,14.18309704,27.34437882,30.33823016,23.35923913,31.61540617,29.21312681,33.52825381,31.58816816,38.02763355,37.77946318,31.01268953,21.43532628,28.34133055,35.74789248,28.04988046,30.43446521
8/1/2012,27.18134011,27.0420158,29.5279359,27.49468139,29.02296169,27.37036912,19.25127036,30.11411258,12.36004103,25.31527793,27.91687551,20.83976273,28.28116225,25.98972901,32.30298212,29.92384015,36.56769399,36.59835119,29.046016,22.12506119,26.28176721,34.45389458,26.5482753,28.27914978
9/1/2012,25.0036694,23.79039793,28.07045702,24.39366377,27.73663927,25.79961437,17.11511278,27.47997757,11.61212686,21.00142929,25.98805839,19.42013868,23.88487769,23.51413614,30.8435166,28.54843829,35.80870941,35.64093182,27.41194281,18.37460007,24.74641995,33.57911279,25.97907115,27.30285309
10/1/2012,26.28610975,25.5158883,31.55689169,26.58208646,29.97023792,27.92026815,18.01188583,29.51678632,15.40332892,22.48705069,29.54235286,20.46061328,25.11434831,24.34146964,31.9259582,30.77630301,37.00391642,36.79858713,29.80132683,19.820025,25.42885276,35.37962242,28.51531287,27.81233534
11/1/2012,26.52657652,25.73623301,32.16335966,26.69097692,29.79738021,28.59416001,18.04144897,31.33781244,14.48942098,21.89509651,30.78208023,21.9983161,25.51645247,25.1441809,31.95382172,30.58913363,37.1457765,37.12842144,30.47033451,17.74664834,27.06725246,35.12967526,28.36043953,28.28171631
12/1/2012,25.65813919,24.26936706,32.05597618,25.2651639,29.35580027,27.22320158,17.91875711,29.50287745,13.86219396,21.55964284,29.77341903,20.94254156,23.29859549,24.70446861,32.10989852,31.00156701,37.8494351,37.5796821,29.21182906,20.54788056,24.4976484,36.51530879,28.32973897,27.59529749
1/1/2013,26.8871339,27.41264831,32.19238798,27.7531523,30.10384629,29.35618316,19.88631484,32.60608701,13.20646857,26.37166585,30.95444904,21.70755776,28.62900166,30.78002569,31.670475,30.21249344,35.88602621,36.11010263,30.8396934,24.04135859,28.71507482,34.40934558,28.62290982,27.40744731
2/1/2013,30.71557142,31.85368141,33.91654851,32.10846342,32.99310579,32.5167303,24.12800727,35.14358536,23.67340714,31.33598083,32.94822737,25.46577998,33.62651357,34.61371078,34.55331359,32.90020634,38.25652294,38.60995074,33.37414012,28.31967242,32.00335453,36.6618829,31.35263261,30.49087551
3/1/2013,30.47618192,32.99801785,33.35733006,32.67846877,32.17638303,32.19226249,23.76734781,35.80566048,23.14847076,34.01340262,32.44649773,24.90299864,35.44477528,37.64502668,34.25196913,32.14381537,38.33230392,38.64176689,32.68598997,31.27900077,32.44129871,36.70275185,29.98051399,30.11960414
4/1/2013,30.82873527,32.94834479,33.86761594,32.59123168,32.3463869,32.68493397,22.81342479,36.26453173,21.15812539,32.59881328,32.93334557,23.531944,35.77007675,37.88845421,34.53345612,32.97833389,38.67225668,38.64530238,33.48010457,27.32763269,32.72112616,37.06960118,30.48742433,29.99975748
5/1/2013,29.39713566,30.55825716,33.41544147,30.62815902,31.23816037,30.819119,20.70032516,35.02120242,15.98728267,27.81337739,32.59064688,21.7701665,32.97726896,33.66377863,33.69486619,32.0982299,38.4230168,38.22621878,32.48962492,22.14701584,30.16695416,36.65005488,28.88379454,28.81129568
6/1/2013,29.80134748,29.73077773,32.42447884,30.43919012,31.12344848,29.99975783,21.89001128,33.92204905,14.25143252,27.31233833,31.10122949,21.60501199,31.98844055,31.38062688,33.96416675,31.98000556,38.26899446,38.20291937,31.56953566,22.57728713,29.48184844,36.49584903,29.02146563,29.83871795
7/1/2013,30.49226971,29.9383007,32.22739257,31.02398581,31.92070918,30.36433064,22.70340797,33.65563179,12.97327817,27.33503568,31.01728891,22.75684635,31.94167256,29.9571735,34.57648607,31.85755344,38.41707288,38.28813888,31.73555522,22.79084333,29.46269071,36.56933827,30.10466342,30.71820316
8/1/2013,27.19539459,27.61355325,30.42265345,27.15344157,29.3848595,28.61565576,18.41628795,31.14657604,12.33366874,23.36364967,28.6839061,19.06749368,29.24446526,26.36291004,32.67686154,30.97623838,37.51754728,37.33370818,29.87904689,19.37886504,27.47407537,35.53045878,28.41174134,27.70782279
9/1/2013,26.05786527,26.13487815,30.41192416,25.94665321,28.79515624,28.0483643,17.34321845,30.69561428,12.80177957,21.58263627,28.41127248,18.95016022,26.88082587,24.85160074,32.24946205,30.59490781,37.21048289,37.45686187,29.52139191,17.83622887,26.91441042,34.92703428,27.60124767,27.19421862
10/1/2013,26.14280163,25.58782972,31.74655392,26.66750186,29.70225945,28.81925507,17.71539804,31.10290544,12.58055276,22.73209422,29.93460493,20.48644387,25.75612861,26.14710348,32.4186781,30.95816963,36.86301391,36.9683829,30.62236933,20.91020776,27.52530804,35.14959268,28.01500837,27.83613134
11/1/2013,25.86585701,24.7114959,32.49215828,26.0841777,29.78117093,28.17076837,17.86590659,30.19939102,12.89069799,21.98553129,29.89823266,19.66929454,23.99130878,25.38641606,32.11873467,31.21722416,37.69674059,37.3896188,29.83177823,20.78003539,26.36226596,36.50106706,28.57801882,26.53186787
12/1/2013,25.04366717,24.75112303,32.28329661,25.7532433,30.04131527,28.53588453,16.09559162,30.51557869,11.3936861,20.87199385,30.31076573,18.51481431,24.30567287,25.25479111,32.37690171,31.29589561,37.09644994,36.98761141,30.31634468,17.86343312,26.4117625,35.78659138,29.06399063,26.50960583
1/1/2014,26.13814489,28.25140099,32.7825651,27.61449075,29.8148816,30.47302328,18.23984037,33.10990585,18.53473512,25.86877865,31.78546742,20.69076624,29.63417681,30.15907221,31.3248544,31.20240902,36.7566859,37.0557137,31.91480774,21.64133459,29.71828868,34.67191686,28.51124923,27.59044112
2/1/2014,29.51064621,31.21048775,33.43691788,31.3170949,32.15439919,31.98934116,21.35336944,34.68838073,20.56209262,29.729916,32.42702653,23.16338518,32.99975429,33.43526076,34.10607375,32.32783977,37.86037017,38.17969782,32.81189687,25.77268195,31.58683385,35.96956842,30.43385573,30.08479942
3/1/2014,30.75142441,32.08625749,34.0982577,32.18041636,32.85778865,32.56869946,22.46766851,35.52294355,16.95839361,30.4205982,33.04296122,25.71713965,34.17956032,34.08208361,35.07534756,33.02055977,38.95090263,38.90917505,33.4092061,26.19741449,31.9239443,37.33655428,31.1418929,31.96873553
4/1/2014,29.89171766,31.17494,33.77786879,31.18178284,31.71996792,32.095377,21.15123749,35.98097758,16.1097675,28.73362736,32.78750728,22.9971158,33.71649529,33.05881285,34.45473939,32.36198126,38.58800968,38.64182905,33.25701185,23.71892519,32.25787386,36.87659456,29.82440735,30.30246701
5/1/2014,31.73669491,32.17137884,34.81111658,32.8366598,32.39713402,32.44886973,24.37192267,36.56343035,20.04833649,30.65755038,33.99798848,25.48960211,34.6704718,32.72372927,34.75911236,33.03588403,38.89545748,38.74080785,33.84805256,26.0690985,32.5662691,37.4876944,30.01762163,31.41370807
6/1/2014,29.63274432,30.23761027,32.64930712,30.14357126,30.96611901,30.3703274,21.7523317,34.90103285,18.19736718,25.97186336,31.39752892,22.46241786,32.49667639,28.71764228,33.88523539,31.76936999,38.37703891,37.99984249,31.89499053,19.57560247,29.63048135,36.5510889,29.15820338,29.88088912
7/1/2014,29.08079659,28.78243592,31.53178741,29.37965877,30.45876202,28.77125444,21.16040234,32.88455945,15.88258726,25.62410968,30.70453772,23.39793844,30.78398935,26.84854478,33.52044262,30.60181796,37.22573533,37.39735382,30.51795983,21.19466913,28.23903741,35.47076177,28.38290534,30.57547859
8/1/2014,26.0767392,26.13826998,30.45927684,26.14428346,29.20613028,27.21645719,16.82978278,31.44426474,12.86904991,21.79196572,28.93173194,18.40984471,27.41726163,24.59361591,32.28584642,29.94580832,36.96494581,36.71665163,29.03273885,18.00996884,26.58462112,34.9772953,27.96767019,27.67099251
9/1/2014,25.13301707,25.72670833,30.47897911,25.83198172,29.20027319,27.16689307,16.1981598,31.03209379,13.256908,22.30582724,29.00701129,18.88607404,26.60656832,24.93273464,31.67866185,30.028837,36.9495749,37.09499628,28.85817812,19.01641019,26.08544138,34.52533213,28.02936466,26.88792338
10/1/2014,26.71121603,26.52417687,32.57644571,27.16145643,30.3593725,28.97725674,19.16896895,31.69133335,13.32617107,23.59057127,31.35902789,21.41201574,26.8797455,26.40643927,32.59711635,31.36941247,37.77997608,37.88578582,31.06658899,21.12958925,27.39902256,35.67051628,28.87961671,28.27078493
11/1/2014,26.82390594,25.92985446,33.35753788,27.3451396,30.98778061,29.51230975,17.85466085,31.24640579,14.74091508,22.49604695,31.79409268,20.97311439,25.56448359,25.63475449,33.55430295,32.34731641,38.35305462,38.1501117,31.726017,19.04342761,26.83795734,36.70297633,29.92247045,29.01572726
12/1/2014,26.17368581,24.87854779,32.94094288,26.62164712,30.12319627,28.19824895,17.59407168,30.79825401,14.64684296,21.91406809,30.95248599,20.30232153,23.85817416,24.72592595,32.55495479,31.6583293,37.74853999,37.48866654,30.933929,18.73997392,24.81974666,36.23737395,28.76151562,28.19574329
1/1/2015,26.3075965,27.43792244,32.77718198,27.40993992,30.08133267,29.61256044,18.70432234,33.2062592,16.53043226,24.7435625,31.5118176,20.84815964,28.45496715,28.78712724,32.06706533,31.43507459,37.5433708,37.52641533,31.53603614,21.30330949,28.71469328,35.53923209,28.74159278,27.62435945
2/1/2015,27.85234712,31.13963237,33.58777974,30.46044919,31.95265148,31.3777901,19.44611506,34.15939535,21.3193508,28.47610972,32.21039476,22.52466829,32.75473621,30.79150426,34.00032974,32.6937221,38.42464338,38.47035713,32.68461867,23.38017755,30.08485511,36.86642414,30.25437885,29.22249108
3/1/2015,29.87991142,32.30885559,33.73778618,31.58371997,32.07470299,32.25712603,23.23238341,34.93694858,20.52102056,30.39019324,32.31793753,25.83406137,34.36688997,33.07247613,34.74880271,32.91726247,38.78066409,38.90090561,33.13330206,25.45042808,31.77681946,37.21851524,30.26590082,31.18696276
4/1/2015,31.95126063,33.55581158,34.40764732,33.99048141,32.70289185,32.8999441,26.2243626,36.99472927,24.14850482,34.571332,33.84577472,29.06808619,36.37838179,36.00753765,35.06178417,32.98231215,38.97521231,39.04371564,34.02810114,30.17674712,33.11557079,37.19441508,30.35019088,32.18981371
5/1/2015,31.10528665,33.20111781,33.64828268,33.33737656,32.08272826,31.76480489,24.69022008,36.28640123,24.50493147,33.65999961,33.14106818,26.35507559,36.23983375,34.94964792,34.19874363,31.66781866,38.02578355,37.88959679,32.61908421,28.54943848,32.53338509,36.4552502,29.8565783,31.06466011
6/1/2015,30.82260709,32.09832699,32.95916822,32.43255494,31.88076408,30.97210405,23.96714874,35.01664954,21.89766679,31.29524628,31.65845465,25.35930921,35.07405191,32.96362728,34.13186711,31.78506107,38.09225018,38.17674787,31.77325537,25.59106617,30.83439687,36.45097818,30.19329766,31.09107825
7/1/2015,29.32504193,31.12598417,31.45354015,30.78256039,31.25037265,29.85106199,21.49522545,33.29967853,18.26866917,28.56926726,30.3037559,23.55877554,33.88889745,30.20445468,33.68844518,31.08243665,37.4907578,37.67703156,30.44663982,22.84386791,28.96472064,35.4373693,30.01696272,30.44445992
8/1/2015,27.63247307,28.97935992,30.74714961,28.83433412,29.09178423,27.67819024,19.46757169,31.38040374,14.83044685,26.16169735,29.37090804,20.62134762,31.91800048,26.28398861,32.00535143,29.64300896,36.58217397,36.66554212,28.79716549,21.21006554,26.56555095,34.32586585,27.56508695,28.07696208
9/1/2015,25.63297432,27.50309683,29.6888089,27.24979361,28.52101075,26.32227523,16.7812968,30.02430833,14.83967754,24.07421873,28.06135947,18.36730645,29.93462647,24.66959233,30.84075208,29.12393096,35.92258002,35.51754848,27.27785463,20.27286552,24.7366024,33.03456149,27.16594822,26.3768686
10/1/2015,25.02443593,27.26767186,32.68080977,26.53723727,28.6731497,27.4364764,16.41823142,32.14511111,13.23385054,23.06611652,31.7507808,18.98515386,29.1321888,25.62019962,30.47611737,29.86442919,36.45022883,36.63459492,29.75301262,18.05990878,25.32171356,34.13139206,27.4649231,26.02591137
11/1/2015,28.94284482,31.27447858,33.60402933,30.99966681,32.13915742,31.60961508,20.23694975,35.11565061,16.71106997,26.8998641,34.04928855,24.46776986,32.74787122,28.833562,33.58835091,31.68256322,37.83089935,37.8266393,33.63254842,19.01491692,30.08568684,35.41670661,30.90716081,27.65964753
12/1/2015,27.01622474,34.25241356,30.77040794,32.1132839,31.10170593,30.76386093,20.93494896,36.79262749,24.79108843,33.02841755,31.05379858,26.28948206,38.06715323,34.68598983,33.95163013,29.41729908,37.41154786,37.83922515,32.16576846,23.41235428,33.61910924,34.62845514,28.81568318,27.23680341
1/1/2016,27.25997125,34.10671851,29.72254745,32.0023707,30.93599683,31.80055574,21.98777357,37.18502704,23.33189846,35.43667644,30.72402111,28.58999425,38.09441698,37.51271209,32.6555644,29.21612615,37.05261873,37.17376418,32.15209747,27.44110342,34.42839608,33.6379697,28.11225461,27.00280488
2/1/2016,29.31481188,35.11456305,29.86578178,33.84518003,32.45144011,31.75386339,24.4791881,37.51542674,23.22520491,37.62743107,30.98753338,31.51628744,38.55745407,39.06209225,34.6647651,29.26218609,38.42746498,38.38440726,32.72532164,31.11187144,34.31383815,34.85876715,29.22178552,28.98544806
3/1/2016,31.41446806,36.03155396,30.85857301,35.02860463,33.51648661,33.11293244,29.15420245,37.65490297,25.88864196,38.78742993,32.12629556,33.39675722,38.52339732,38.99636902,34.68632161,29.20191147,39.13856663,38.77327562,34.60001766,32.36666384,34.94049662,35.26274333,30.31208271,30.2904827
4/1/2016,31.43749,35.91767989,32.71718827,35.04910638,34.17248486,33.79424178,27.22562539,37.0728015,23.12481729,37.91593564,33.57741668,32.59058799,38.38401417,38.29767391,34.65362659,31.21628846,39.22854576,38.94529769,35.59790044,30.37155153,34.39502618,36.46958547,32.40220134,28.96253253
5/1/2016,28.59950713,34.59845798,30.43201739,32.6706654,31.96046837,31.69803589,20.36126573,36.28164532,17.49092339,33.62848044,31.21520333,27.15760838,37.13342894,34.58662039,33.55661713,28.99128206,38.49417996,38.22825688,33.62101336,22.81512064,33.33852967,35.12882731,30.09152368,27.07239465
6/1/2016,28.36372669,33.18746445,28.90017904,32.04098935,32.0416299,30.16766097,17.62061893,34.04115152,14.69887426,28.69670103,30.13790646,24.08082273,35.36861463,29.545725,34.12245237,28.85425829,38.73675145,38.77179138,32.452942,17.81425552,30.91056339,35.09136896,29.96402325,27.63878551
7/1/2016,25.24718084,31.75949956,26.68931749,29.24110266,30.17698294,27.67846353,13.76917535,32.50409581,13.55233506,27.02442028,28.75627797,18.46361778,35.6248325,27.38979954,32.42686975,26.77546425,37.20823921,37.17078619,30.48972411,17.35875862,30.06261868,33.20548286,28.27064467,25.50002142
8/1/2016,23.28912858,28.68292958,25.09120317,24.80476045,27.51479683,25.47557441,11.36539796,30.62970436,12.66630118,22.29880506,27.08609396,14.93584996,33.12028679,22.91816835,31.88819836,25.37633432,36.06827671,36.53151331,28.50142122,14.54204845,28.24622665,32.13117546,26.8536709,23.89449982
9/1/2016,24.00528343,30.68695608,26.66750687,26.443881,29.13132161,27.66471303,12.96607719,31.37360037,13.09039261,21.71888864,29.34222275,17.03504694,33.5085203,23.46529525,32.56287862,26.0920792,37.69971245,36.97632293,31.0817756,14.93378091,29.28060453,33.38712501,27.31605256,23.82441987
10/1/2016,24.9356083,30.32789868,28.43509091,27.49506403,30.74893748,29.49710446,13.92983002,29.96180184,12.38176713,19.73575909,30.12924509,18.92806819,29.78973616,20.1763222,31.96902888,27.88327197,36.65647919,36.07542355,31.93368089,13.95432396,27.58702747,32.95465348,28.7148479,24.14473233
11/1/2016,24.20909544,27.33455283,28.33211738,26.28240639,29.15192715,27.86729764,13.19405965,28.70695257,11.98577202,17.32646599,29.95228222,16.94754159,25.29373147,17.64932548,32.20811836,28.94610403,37.32770693,36.63933587,31.27215579,12.8702363,26.50864828,34.78394123,27.75640536,23.26639806
12/1/2016,27.93093367,31.5093698,30.25550561,30.40183742,31.91919292,30.30749385,18.51366264,32.25345733,13.52033541,23.51613716,31.44467252,23.19698507,31.65249968,24.04882895,32.29289777,29.4812486,37.02941945,36.15076093,33.43331031,15.31263826,30.45663664,34.07210454,28.86006153,25.77162937
1/1/2017,29.38755326,33.95474657,30.75049221,32.72061764,33.02891906,31.81186797,25.08669661,36.10215783,22.38101687,33.41575886,32.28318134,28.66610578,36.87347931,33.64978841,34.01645863,30.96058061,37.71757752,36.81694093,34.44521166,24.33347469,33.73752129,34.8584276,29.84223148,27.88752075
2/1/2017,30.77616561,34.65427868,30.1303681,34.06162954,33.00943091,31.81562102,29.12530075,35.43407774,26.06101527,37.37434792,31.73339175,32.50498112,37.74741506,37.20146675,34.55612161,30.82260677,37.18992575,36.63598583,33.84633977,33.35346815,33.25106328,34.8846284,29.52954149,28.78070178
3/1/2017,32.25700986,35.62250025,32.22249164,35.56095913,34.35766266,33.67494412,31.39224043,35.79988561,27.13640995,38.61190059,33.45673799,34.62436114,37.8515856,38.57233093,34.91151636,30.84937983,37.21020812,36.72129486,36.06852503,35.89452636,34.1804296,34.87805297,30.51192944,29.63764651
4/1/2017,30.92676304,36.05248083,31.52873329,35.05009207,33.68291737,32.71368957,28.43189958,36.60031211,28.9546272,38.03959367,32.78880719,32.8120885,38.12264106,37.26956393,34.19184225,29.82670239,37.93536387,37.23511409,35.36880779,32.46416989,33.81736303,35.03359146,30.34704734,28.30402577
5/1/2017,29.42289997,34.79982464,30.47588938,33.94513075,32.15620795,31.3906789,25.10900399,36.02545529,23.80145024,36.2023163,31.76788141,30.72263772,37.15042972,36.34038754,32.60842689,28.06276156,37.46254021,36.25931097,34.37517249,29.12691585,32.81017652,34.04826381,28.44713035,26.66466946
6/1/2017,26.76027498,32.70276459,28.86927597,31.57383167,30.54471851,29.47233725,19.87706665,35.27648568,17.70158075,31.95752057,30.62287495,25.00289956,36.24799533,33.20946734,32.7793954,27.12034256,37.68994144,37.30218393,33.04874578,24.60607816,31.69890456,33.82389943,27.2188836,24.72460046
7/1/2017,24.5779715,29.84803744,25.6506782,28.42090162,28.53462167,26.16805841,14.90485419,32.05818776,15.45074842,27.19953868,27.42967487,18.75750067,34.76931195,28.76430367,31.23385986,25.99345948,36.50078681,36.18851564,29.41058622,20.28392885,28.65955676,32.54272388,26.70137333,22.79622906
8/1/2017,22.96285961,26.98998474,24.52871487,24.87611776,26.4694687,23.86488557,12.21201799,29.7038199,13.57506354,22.99884132,27.00899739,15.4813073,32.83372826,23.17434126,29.50187069,23.51072539,34.21905231,34.45955242,27.97416881,16.24066466,27.05724626,29.81757259,24.66310046,21.59001681
9/1/2017,23.7812671,25.71480243,24.45493079,23.44684893,26.56107489,23.58167912,13.0966774,29.67850774,12.70647749,20.49555764,27.76037702,15.28505261,31.28881113,21.02347689,29.34329054,22.70979675,33.35860703,33.84280287,28.75898304,14.56788969,26.40737194,28.79183174,24.98621459,21.69639963
10/1/2017,25.29329918,29.74491874,27.40753258,26.05620702,29.6829638,27.29076937,14.71022137,32.51037621,12.48079187,23.65443381,30.21352011,18.25051325,32.89358856,25.6495244,30.42431272,26.52210011,35.65714793,35.10646399,31.81938655,19.89281653,28.81147373,31.93532494,27.96349047,22.02800452
11/1/2017,26.57493873,29.62965051,29.1227498,28.36783554,31.4981966,28.21486276,15.55898741,29.10432916,12.4045619,21.92401756,30.31811642,18.06967747,30.34128668,20.23559586,31.79193507,28.82727943,37.22330569,37.04657399,30.94065947,16.04885825,26.24256484,33.94560798,28.85281854,23.25583032
12/1/2017,26.62779779,30.24108137,29.33919335,28.71574526,30.88955416,28.04796574,17.77318524,33.43765643,13.69976357,26.33315694,30.73267831,21.81489977,35.95748237,28.30840915,31.54624172,27.74063746,37.37098841,37.09951931,31.55520388,20.25871434,30.44057834,33.72307306,27.5072476,22.87682429
1/1/2018,28.57326133,31.25386289,31.27035133,31.09735371,32.02925094,29.21089174,20.36966435,34.53107503,15.34948747,29.53682829,31.5901443,25.58139854,36.58239715,30.77952834,32.65368271,28.85481632,37.80850649,37.32785876,32.83789767,20.84379551,30.97232104,34.62115709,28.02354885,25.63840713
2/1/2018,27.63438579,32.14596586,28.73274506,30.71100325,31.34177555,29.07936452,21.76899224,36.45266297,25.51721201,37.37061289,30.16278882,28.83876206,38.25820378,37.82933933,32.07612324,27.97602638,36.72432292,37.24798999,31.48155023,34.07993796,32.68113898,33.8318126,28.32115472,25.78402437
3/1/2018,26.97556389,33.02537614,28.14954561,31.05389506,31.51016377,29.07915989,20.09889346,35.70332985,27.41220584,36.33238742,29.97819625,28.23524716,38.00249405,37.0692563,32.37126424,27.70969669,36.9899554,37.78523423,31.42501224,32.03039694,32.10000761,33.92299967,28.55033394,25.42966268
4/1/2018,27.71416225,33.32085008,30.41734347,30.96229083,32.51935742,30.71249203,20.0035396,35.41736515,21.21421542,32.63972095,31.63103558,27.80060877,36.24806442,34.9017155,32.98224082,29.98727821,38.22517773,38.3540444,33.3406551,25.47790281,31.4277485,35.3807876,30.83538573,26.10453512
5/1/2018,27.35874197,33.81677436,28.96189912,30.85724136,32.19520687,29.84924626,18.44936003,35.39119219,20.32096539,33.39483892,31.24216713,26.57815107,36.8692403,34.12917221,32.30911333,28.18639761,38.9641411,38.74112271,34.31559938,25.54838238,31.75809943,35.21170049,30.02296139,24.26985398
6/1/2018,25.44041752,31.05405337,26.23520333,27.69488114,30.21798239,26.8201571,14.51336977,33.50209782,15.72828658,27.72636874,28.94365875,20.74493022,35.0207914,28.41764507,32.3318037,27.4510716,38.43373023,38.11803735,31.24435796,18.86031485,29.79644368,34.72211653,28.69906615,24.78595193
7/1/2018,22.86187966,27.85827736,24.28373539,24.0421768,27.86717179,23.45484837,11.48080642,30.37668565,15.09359019,22.93635478,26.9430848,16.51316643,32.67524335,23.40162825,30.89225935,24.61998163,37.23223179,37.32355978,28.03006755,16.1759946,27.13357143,32.67729135,26.58337732,22.7052817
8/1/2018,23.70606487,24.94277228,24.28522535,22.23404124,26.65438828,22.85477272,11.12313034,28.60378526,14.30565012,19.88377604,26.42533166,14.97283792,30.88461105,20.36548952,31.3383256,23.68786248,37.3751205,37.57218315,27.30598146,15.74823588,25.76552816,32.26487413,25.80756366,23.78713849
9/1/2018,23.10451405,23.79650093,24.32054249,21.2412468,26.01951382,21.95338831,10.88219041,27.94488294,15.09020814,18.21776592,27.07472694,14.24893418,29.16501945,18.1715279,30.12197249,23.83589977,35.74122524,35.76879274,27.88358489,14.26499339,24.9243248,31.32909708,25.04555192,22.46525512
10/1/2018,24.86098106,24.36090397,25.83626439,24.90542597,28.72378817,24.73632883,14.22491358,25.2926596,13.47462444,16.76433964,28.325859,17.33733685,25.20556575,17.00042102,31.20500266,27.00743089,36.99996082,36.95509499,29.3313542,13.99430013,23.07923345,32.864775,26.48248565,22.69272375
11/1/2018,27.67381482,28.51933234,28.62727969,28.66817754,31.63143997,27.81906235,17.14583404,31.00514685,13.35649116,18.76903156,30.52227373,21.55164363,27.29027181,20.48563186,32.17640219,28.17490178,38.2343053,37.87079014,31.80256245,14.0072359,26.37630113,34.43689558,28.12976857,24.63050161
12/1/2018,25.8223994,30.60741772,29.79953916,29.24396607,31.00856183,28.0197591,17.34577274,34.10155829,17.61250731,25.86871463,30.89222574,21.11864141,33.50913232,28.3012808,32.48092519,28.10269323,38.02994225,38.16405306,32.18429938,20.42448198,30.44037247,34.28488924,28.29829722,23.09352594
1/1/2019,26.9068287,31.98642115,27.35038008,29.45884958,31.15009458,28.18717553,21.94422744,36.21824522,26.26521878,35.0712788,29.26014098,25.29587392,38.38344635,37.56587867,32.56412697,26.94202083,38.510475,38.68833307,30.91473143,28.24787988,32.62059321,34.37644447,27.5276674,24.11025227
2/1/2019,28.84127324,33.11630368,27.35438219,31.77346372,31.44106336,29.26603045,27.7366204,35.59380955,30.58590984,38.56943294,29.9838761,30.85892118,38.79269709,38.1540169,33.25229577,26.83624154,39.02805,38.83067416,31.37767123,33.75369174,33.14312542,34.85434832,28.7892585,26.48991257
3/1/2019,29.59995787,35.24517053,29.40059981,33.75182693,33.27094588,31.92467023,29.80493675,35.68183245,24.93613364,38.70928023,31.48690874,32.2503031,38.82651095,38.26770114,33.48413916,28.7423293,39.18289789,38.95277785,34.62292042,33.42100095,34.08258036,35.16243101,29.72453802,25.89848475
4/1/2019,28.92253909,34.77401877,29.87287854,33.25131852,33.18843754,31.31115547,26.06918168,35.82554526,29.24503922,36.20448011,31.476619,30.91048364,38.08655039,36.1504431,33.5882673,28.19610238,38.57384589,38.41732097,34.5266944,27.38331936,33.11667079,34.37554045,29.47152602,26.33522188
5/1/2019,26.59850834,33.39989515,28.89587854,31.35490965,31.40294194,29.41473826,21.17828006,35.82989802,24.6401958,34.88333884,30.85178963,26.58835743,37.50171544,34.44257639,32.03551583,26.97448003,38.44158276,37.9195041,33.33330251,24.38887923,32.05818488,34.36269168,28.23690935,24.63452063
6/1/2019,26.03943205,31.73324197,29.31973697,30.02077275,30.38094914,27.84346416,17.15576185,35.3301827,18.03375384,31.54462505,29.42660851,23.09446609,35.55170373,32.49346619,33.59195526,29.05659485,38.37480976,38.1882207,31.74855629,21.14905355,31.02940701,35.67842967,28.6425973,26.85035963
7/1/2019,25.5213215,29.65566384,31.17016939,28.25188098,29.02672721,26.99313025,14.95238645,34.37274182,14.0353095,25.81720651,28.10776812,19.83758477,31.25209318,28.67516335,35.29125888,32.56634237,38.70767114,38.53266019,29.92296556,16.74982443,28.40970328,37.54293971,28.33008884,30.44905761
8/1/2019,23.36838277,26.16961732,29.56738098,24.69341539,26.45114239,24.00378666,11.64331893,31.42301144,12.1859585,19.99445527,25.61265358,16.14674194,26.00406933,23.29020572,34.3752121,32.07072371,37.25499831,37.19109114,26.64191805,14.31439981,25.31675216,36.86586028,27.62761745,30.01759621
9/1/2019,23.5017379,24.79316412,30.13644404,23.18629901,26.49352222,23.96055814,10.55398513,29.83568903,11.59333509,17.43819959,26.91292943,15.76220537,21.81261165,19.61946954,34.91563908,32.27703982,36.64036448,36.80785652,27.18894387,13.59157786,25.03739081,36.39957612,27.34976548,30.61465265
10/1/2019,29.40399898,29.12500768,33.96201674,28.95194628,30.90804386,30.16362694,17.3051726,34.63840806,11.25655246,20.42611665,32.50814201,23.58433959,24.95202243,22.96786183,36.19531661,33.86511281,38.2469836,38.35925215,33.145298,15.95905944,29.90193158,37.31122875,30.22445632,33.50704864
11/1/2019,30.78798556,30.35905767,34.67187421,30.46535567,32.03551914,31.03708068,20.01598049,35.00075933,11.4521023,18.99593707,33.62299901,26.60801387,24.17536047,23.60269206,36.32949153,33.40583153,38.42147597,38.74201179,34.11726268,14.94438834,31.01413485,37.57006663,30.04617703,34.34450223
12/1/2019,31.48282548,31.71116838,35.2880936,31.26014905,32.55131435,32.22630143,20.64083277,35.97021965,11.68345271,21.17076983,34.00523635,29.18733757,27.84610152,26.33072715,36.41610398,33.80320729,38.54917536,38.82974612,34.19419152,16.02460345,32.65969177,37.40630132,30.3468662,35.08611506
1/1/2020,31.25601169,33.48511165,34.51934509,32.31949507,32.48697397,32.60760328,22.11911005,37.30465283,17.9062031,27.84498401,33.55228313,28.26172843,34.61091282,33.80661192,36.05046124,33.59926076,37.44932959,38.05753516,33.80592893,19.87671613,34.20918661,36.80832002,31.11125657,34.17671572
2/1/2020,27.62312403,30.91851951,32.84942347,30.51342495,31.64754576,30.94280469,19.37986519,34.63351464,19.10216238,28.39784,31.65120752,21.36759394,31.5698284,32.66946393,34.23922341,31.55129449,36.48602146,37.4184358,31.76632387,24.23790169,30.2415312,34.97472672,29.81043714,28.74267876
3/1/2020,28.99290728,32.80979401,33.6397297,32.27586032,32.10865871,32.05910891,20.5079611,35.3649162,16.37203989,31.43196371,32.79296895,23.41200114,34.39447272,33.9364792,34.37975344,31.95692767,37.64866893,37.9197908,32.79495506,26.40869866,31.53483882,36.52716171,30.1762721,29.6944327
4/1/2020,28.6644694,32.28800202,33.63830046,32.15315475,31.85182612,31.73443232,18.90707791,35.35095412,20.55281824,29.99251065,32.41583405,21.70303514,34.24832472,32.55988661,34.48886605,32.62308274,38.00996025,38.07923976,32.53838502,24.34802339,31.72849706,36.74139166,29.79452334,29.38735856
5/1/2020,28.0158365,31.45162463,34.04170776,31.05124284,31.46619038,31.17112164,18.41669955,36.15743385,15.09310228,26.95379351,33.53294833,20.17232082,33.11028325,30.71799592,34.22637024,32.26603332,38.38543236,38.06312242,32.66007786,21.18328912,30.97219056,36.72187248,29.75776166,28.91064898
6/1/2020,28.07555236,31.12890686,33.54715859,31.24191707,32.2452273,30.70958423,18.3790682,35.83393873,11.8730074,26.28826681,32.65619253,19.56934245,32.42032303,30.62024457,34.78365541,32.57347099,38.75751139,38.21707484,31.97406666,20.49444066,29.9776254,37.04533674,30.40075063,28.36119728
7/1/2020,26.43654414,29.23020405,33.2493779,28.73404801,30.31344705,29.38480455,17.12237612,34.60095611,11.45711427,23.2521181,31.58112684,18.97439957,29.81275975,28.07374352,33.68706306,31.88417417,37.8280816,37.59712213,31.14576465,18.80842098,28.01137109,36.64026592,28.74951505,27.55728819
8/1/2020,23.9726445,26.51027591,31.05539598,26.17403237,28.28820173,27.09589032,14.13104388,32.26194754,10.87166105,20.67115531,29.33075667,16.04620131,25.73285815,24.8031076,31.75249531,29.88782983,36.15541509,35.65286068,28.74566285,17.42449491,25.85358273,34.78596819,26.9741917,25.14355291
9/1/2020,24.99854959,26.51501036,32.00553411,26.56189422,29.1595384,27.99852689,16.47583329,32.70422542,10.38770175,21.70479437,30.2914825,17.58993214,25.5281506,25.36085119,32.03320524,30.29458845,36.67633222,35.8270555,29.82913281,18.73213717,26.15872032,35.43063623,27.52935216,25.98560513
10/1/2020,22.14469777,24.45469389,31.05066141,23.51330102,26.70507937,26.35103301,13.20293872,31.97677726,10.47432187,19.70539134,29.66091838,15.22624891,22.11664118,24.67668909,29.79412766,29.32676609,35.50259481,34.07580184,28.61341628,18.64376122,25.19522468,34.09404188,25.44154709,23.53223988
11/1/2020,23.5718987,25.853456,33.37756734,25.51629303,29.55735534,27.86199254,15.28389157,30.87209254,10.7680918,21.03248521,31.56255166,17.51049754,23.57291547,23.64009122,31.67880764,31.7562007,37.20323175,36.21363491,30.21033666,18.27396204,24.31816256,36.63335552,28.54595237,25.20080925
12/1/2020,24.79701924,27.03143101,33.9051028,26.42178086,30.22183827,28.71769575,17.5070363,33.09804886,12.11475214,23.66127505,32.053874,20.83679871,25.57445005,27.31084001,32.31838343,32.11413635,38.02012758,37.44077467,30.72962483,20.73241805,26.27453639,37.09573582,29.27186442,27.07590249
1/1/2021,26.33704385,29.79601863,34.09942067,29.8874222,31.98651846,31.1476308,18.22416429,35.94659372,18.80677217,27.94066062,32.96175199,21.9482736,30.0829276,32.22455104,33.52352967,32.43349719,37.79454322,37.78560957,32.7239373,24.64565754,30.28322842,36.71672709,30.29042214,27.87017114
2/1/2021,25.91326582,31.20843585,34.35114533,30.01356647,31.77382387,32.11953005,16.80143153,36.13822169,21.08822738,28.02798385,33.25383506,18.46352438,32.15757735,33.226463,33.69932652,32.96198304,37.84970555,37.9901494,33.45838206,23.88805333,32.0198438,36.75011286,30.13536697,26.49488405
3/1/2021,30.24567248,33.46476865,35.09765271,33.44157395,33.07115448,33.49401773,23.29604092,37.01216755,25.2790508,33.70756589,33.9658225,26.08189901,35.12573381,36.7360599,34.85622534,33.42417827,39.01311446,39.04878309,34.42641469,30.54112127,33.45186947,37.83005551,31.42554528,30.49580775
4/1/2021,29.3711751,33.02636203,34.79526163,32.35411179,32.75989402,33.05515042,20.86755084,36.94304476,20.57219421,31.70468813,33.99553385,23.83111075,35.28060074,35.9238442,34.95902607,33.34587297,38.90831122,38.83629459,34.14025175,27.18437759,32.88643323,37.5751788,31.35081186,30.10723671
5/1/2021,31.12205506,32.69401627,34.48279874,33.05824109,32.8988274,32.30848437,24.31948271,35.93735407,14.27762696,32.31640989,33.35503302,25.21176413,34.9699956,35.75376627,35.05992574,33.01974332,38.52806221,38.41625837,33.41965684,27.96710996,31.41675162,37.35213839,31.21496238,30.9371776
6/1/2021,29.82604107,32.44999194,34.08543914,32.19832791,32.66882382,31.72222279,22.11910071,35.58589049,12.52166817,30.95579172,32.95373263,22.83949132,34.25096877,34.62621118,34.60777178,32.76168556,38.61476524,38.63407974,32.95221143,25.97315378,30.07213604,37.38004562,31.47514536,29.05541187
7/1/2021,27.74860148,30.1790652,32.93905723,29.97714565,30.59935026,29.67505478,18.95372482,33.98813243,13.17659331,26.95473228,31.03033287,20.53778343,32.02809774,31.30566222,33.24701199,31.36667535,37.65729619,37.37931653,30.85186794,21.87880586,28.5209261,36.41374189,29.42586936,27.96178146
8/1/2021,25.35396519,27.96476968,32.67998862,26.88265963,29.30076004,28.62166878,15.6845979,33.79859142,12.89793945,22.7589007,30.68528215,17.90827584,28.8216805,28.54546772,32.50597487,30.79929659,37.22974557,37.01705893,30.16194663,19.2862667,27.34073792,36.10450295,28.7775973,26.87970245
9/1/2021,26.37871899,29.08690848,33.12757378,28.09339666,30.6292531,29.99427067,17.82965419,34.67350384,11.34428728,24.75677918,31.7789887,20.11469017,29.39654075,29.56893878,33.15870378,31.72879442,37.66939832,37.43616339,31.6264939,22.53694235,28.38465067,36.23228211,29.72266966,28.13060534
10/1/2021,26.55093812,28.24338269,33.56486711,28.11408269,30.95323321,29.87605564,18.38114239,34.36338691,9.751497347,23.20101527,32.22714242,20.66876085,26.95478559,28.09564947,33.27693456,31.87224819,37.90767328,37.35169277,31.85313678,20.0618583,27.65708283,36.68743661,29.78722934,27.92319995
11/1/2021,27.26894355,28.1867215,33.56221359,28.36833309,31.1624302,30.313432,19.67658671,33.83015304,8.814818945,23.17911959,31.98529036,21.9009088,27.0735052,28.70211467,34.06071668,32.48770117,38.18972517,38.02521695,32.13079463,20.63965342,28.63747706,37.09456856,29.4508294,29.43616704
12/1/2021,28.22567645,29.49285829,32.98131641,29.44002944,30.9892878,30.79526693,21.20549941,34.03226615,11.28629921,26.50288396,31.14613253,23.05422413,29.23432991,31.73119963,33.68113056,32.2625815,37.880759,37.75883521,32.06222652,24.5653074,29.55418679,36.89418324,29.44994166,29.4446727
1/1/2022,28.36140757,30.55649979,32.62329772,30.28116001,31.46566896,30.70411235,21.3360745,34.35672778,12.42997449,27.72367332,30.80390002,22.87839875,30.753388,31.51807569,34.04332241,31.10211394,36.73672845,37.34443369,31.48061221,25.18520197,29.98510593,35.64896883,29.63794749,29.56130266
2/1/2022,31.27893919,33.15092655,34.55313054,34.01932697,33.71482518,33.11478951,24.33861915,35.92797263,15.92740681,33.69342801,33.41945795,26.29125764,34.70503859,36.02255354,35.52708795,33.1861618,38.16738459,38.27037487,34.00570001,30.36953551,32.29173802,37.14481873,31.86460297,31.69150641
3/1/2022,31.73598857,33.76341814,34.59886264,34.09735301,33.30767751,33.60913558,24.55469688,36.29463581,22.1514064,35.51916891,33.17905349,27.36233934,35.92529361,37.59048717,35.70863622,34.08217503,39.33651567,39.37631157,34.14931578,32.79219568,33.14173686,38.22267494,32.06127091,32.06396096
4/1/2022,32.55783041,33.25070499,35.17591321,34.15893255,33.53212854,33.56582053,26.62999863,37.38578111,23.19667044,35.47702256,34.03275303,28.24719505,35.8408898,37.79237082,36.1592741,33.97646914,39.44048925,39.28183215,34.59759343,32.63324457,33.54109092,38.38451517,32.39302451,32.46227739
5/1/2022,31.01037194,31.95305341,34.49522555,32.58635168,32.11123534,32.04729049,24.47964373,36.58929206,16.73768966,32.8092005,33.42361364,26.0208499,34.70840707,36.59528866,34.80954013,32.87898032,39.01111413,38.73322593,33.43237491,28.49293054,32.05931956,37.58010662,30.16200424,31.28168261
6/1/2022,31.13555772,31.95848302,34.51796872,32.91237979,32.9877193,31.90483347,24.55488305,36.19417489,15.2255393,32.46573714,33.12218803,25.43753457,34.13539938,35.87083546,35.15077699,33.22219123,38.69639825,38.5833172,33.22179091,27.96248272,30.72797605,37.42589898,31.40092941,31.40355083
7/1/2022,30.3932531,31.70431006,33.18940878,32.18984255,32.01947903,31.18447961,23.33495001,34.32234435,13.00495556,31.23568572,31.70799501,23.90570142,33.7313006,34.20804871,34.18655834,32.57002267,38.41978157,38.12018496,32.15097943,26.32886986,29.47792235,36.92143073,30.41847326,30.20587185
8/1/2022,29.23725394,30.51262441,32.45071168,30.62692808,31.02436841,30.57838247,22.32134074,33.68954985,12.36807687,28.48703237,31.0565637,23.26897359,32.38291873,32.00108278,33.65461908,31.44038329,37.38848558,37.42209898,31.66913376,23.66124699,28.670253,35.93682543,29.71818145,29.4107247
9/1/2022,27.22959904,29.36903971,32.10179876,29.10528482,30.60082108,30.04781545,19.07736281,32.89365487,12.17620606,25.74541486,30.3515691,19.62189888,30.44958721,29.54050579,32.40884967,30.71768645,36.12182699,36.03882901,31.18503761,21.95476198,27.88606451,35.12055452,29.43295127,26.80796974
10/1/2022,26.78315634,28.54469958,33.11147681,28.76693475,31.80189813,30.20137092,18.63170745,32.72839837,10.5863261,23.43544715,30.98552561,20.43375707,27.70931272,28.49190082,33.72005505,32.29857658,37.69536699,37.23999571,31.6205091,22.40101987,27.29181028,36.57270945,30.52173486,28.39424202
11/1/2022,25.7759474,26.98883489,32.60548395,27.46546953,30.89024178,28.46270612,18.13871929,31.12047144,9.586960183,22.33113325,30.18116232,19.27444005,24.94130737,26.9186418,33.79368418,32.02678073,38.04211166,37.94739084,29.87642644,21.29556025,25.89463518,36.98459876,29.6176012,27.0507642
12/1/2022,23.06771662,25.92200472,32.09579742,24.72824615,29.17673933,27.3732971,15.01108706,30.10807645,10.19945098,19.86035223,29.5103238,17.73589954,23.58345282,24.87786121,32.55882437,30.78862,36.44682148,36.49515544,28.92855067,17.58098791,25.25424825,35.68264385,28.00181019,25.34293086
1/1/2023,28.5100104,29.28942648,34.2505336,29.78812472,32.14002519,30.85098913,22.3373698,34.78512073,11.53543421,26.95907782,32.76953201,23.96583088,29.27287123,31.66500266,34.29940307,32.72860525,37.98198085,38.07532618,32.52404146,23.85335064,29.31017468,36.93446024,30.8867273,29.79563642
2/1/2023,26.80144162,29.46901987,32.86139412,28.98977383,29.87622339,30.20829189,19.21907443,35.36781909,17.5718886,27.74948876,32.6056415,22.02358794,30.18767267,33.22440022,32.73051137,30.34885742,36.30648253,36.88964037,31.84975375,26.19910816,30.81354185,34.65071248,27.95072832,28.42105806
3/1/2023,30.64770798,34.08065073,34.54557009,34.1665776,33.20224019,33.01288863,24.18449504,36.3994993,20.20001161,36.84924739,33.11351724,27.57462933,36.15895175,38.74515294,35.30997119,33.14853408,38.59470925,38.74838761,33.34064366,36.3546993,33.30202462,37.27784123,31.11139344,31.89124815
4/1/2023,32.61472688,34.61070892,35.04630134,35.20788296,33.52111283,33.74394589,28.17354586,37.09774162,22.27746069,38.86496065,34.20750768,31.12751546,37.29942295,39.45531714,35.25373461,33.48694505,38.64093345,38.6533298,34.39305584,37.91641383,33.94672106,37.40961537,31.4543712,32.36765071
5/1/2023,30.69401779,33.53641924,34.58058409,33.22406967,31.76684501,32.79159823,24.83095288,36.84391317,20.27630459,37.22275365,33.59216426,28.26308306,36.43409533,37.69649998,34.36577272,33.01026441,38.6952812,38.41804801,33.78263712,35.06870604,32.87749741,37.46791222,30.23662046,30.32895467
