Latitude,Longitude,Nat_ID,Water Body,Sub-Region,Rating Cur,LINKNO,DSLINKNO,strmOrder,VPUCode
-2.45833,37.90556,3F04,Umani Swamp,Kibwezi,Yes,110248853,110231796,2,103
-2.41194,40.21417,4G09,Tana Ngao,Lower Tana,No,110368242,110324948,7,103
-2.40825,40.68186,4K01,LAKE KENYATTA,Lower Tana,No,110302643,110326258,4,103
-2.37583,38.07556,3F06,Kibwezi River,Kibwezi,Yes,110319698,110321010,4,103
-2.28875,40.1266,4G02,Tana Garsen,Lower Tana,Yes,110343311,110340688,7,103
-2.241,40.132,4K02,MKONDO WAWITU,Lower Tana,No,110327566,110328878,7,103
-2.21247,37.7139,3F11,Little Kiboko,Kibwezi,Yes,110260653,110261965,2,103
-2.20817,37.69866,3F07,Greater Kiboko,Kibwezi,Yes,110318382,110305261,5,103
-2.20137,38.05809,3F09,Athi Kibwezi,Kibwezi,Yes,110307885,110309197,6,103
-2.09348,36.09329,2K16,Shompole,Narok,No,110334122,110324942,5,103
-1.84947,36.10258,2K04,Ewaso Nyiro,Narok,Yes,110369538,110343305,5,103
-1.78906,37.84457,3F02,Athi Mavindini,Kibwezi,Yes,110364290,110365602,6,103
-1.78472,37.82778,3ED01,Thwake,Kibwezi,No,110352482,110353794,5,103
-1.65325,35.21534,1LA07,Sand River,0,Yes,160227682,160217169,4,122
-1.53333,35.85,2K07,Naroosura,Narok,No,110004795,110007419,2,103
-1.52029,37.24681,3EA02,Maruba,Kibwezi,Yes,110218649,110239643,2,103
-1.49235,40.03626,4G04,Tana Hola,Lower Tana,Yes,110368218,110352475,6,103
-1.46016,36.06805,2K10,Mosiro,Narok,No,110369528,110318361,5,103
-1.44332,35.20826,1LA08,Talek,MSSRO,No,160230011,160231179,5,122
-1.41431,37.64679,3DB01,Athi Wamunyu,Kibwezi,No,110362968,110365592,6,103
-1.22298,35.03622,1LA04,Mara,Kericho,No,160206643,160206644,5,122
-1.216,38.585,4H04,KALUNDU,0,No,110296050,110347218,3,103
-1.159,38.537,4H03,KALUNDU,0,No,110252753,110353777,3,103
-1.15367,35.75907,2K01,Ewaso Nyiro,Narok,Yes,110348529,110349841,4,103
-1.15,37.57639,4CC06,Yatta Furrow,Muranga,Yes,110076945,110248816,2,103
-1.11276,35.28678,1LA06,EMARTI,0,Yes,160145902,160222989,2,122
-1.09521,37.36253,4CC03,Yatta Furrow,Upper Tana,Yes,110397070,110360335,4,103
-1.09444,37.36111,4CC03A,Yatta Furrow,Upper Tana,Yes,110397070,110360335,4,103
-1.09365,37.1953,3DA02,Athi Munyu,Kibwezi,Yes,110382640,110366895,6,103
-1.09307,38.2559,4H01,KALUNDU,0,No,110280303,110301296,3,103
-1.09284,35.87091,2K03B,Seyabei,Narok,,110353775,110369520,4,103
-1.09204,35.95415,2K06,Seyabei,Narok,Yes,110306541,110336719,3,103
-1.08662,35.86289,2K03,Narok,Narok,Yes,110383950,110353775,4,103
-1.08111,37.48722,4CC02,Thika,Upper Tana,No,110251439,110373455,3,103
-1.0717,37.32191,4CC08,Thika,Upper Tana,#N/A,110397070,110360335,4,103
-1.06722,36.56028,2H02,Little Kedong,Narok,Yes,110250126,110344590,2,103
-1.06648,34.47124,1KC03,Migori,Kisii,Yes,160176271,160196126,5,122
-1.06042,36.5897,2H03,Little Kedong,Narok,No,110250126,110344590,2,103
-1.03083,37.45583,4CC05,Thika,Upper Tana,Yes,110268494,110357709,2,103
-1.02691,37.06467,4CA02,Chania,Upper Tana,Yes,110334093,110335405,3,103
-1.02083,37.06583,4CB04,Thika,Upper Tana,Yes,110313101,110335405,3,103
-1.00833,34.88333,1KC06,Oltanki,Kisii,No,160137724,160151741,2,122
-1.00833,34.88333,1KC07,Enkaragetuak,Kisii,No,160137724,160151741,2,122
-1.00833,36.98333,4CA23,Kariminu,Upper Athi,No,110240943,110344592,2,103
-1.00278,34.08889,1KD,Lake Victoria Muhuru Bay,Kisii,No,160135390,160145901,2,122
-1.00004,35,1LA05,Mara At Serena,SSGMSRO,No,160157580,160197293,2,122
-0.99957,35.66909,2K09,Upper Ewaso Ngiro,Narok,No,110378700,110339341,3,103
-0.98889,34.29028,1KC04,Migori,Kisii,Yes,160200796,160201964,5,122
-0.96667,35.65,2K08,Ewaso Nyiro,Narok,Yes,110374764,110376076,3,103
-0.94861,34.27222,1KB01,Gucha,Kisii,Yes,160193786,160206635,5,122
-0.94722,34.20694,1KB05,Gucha Migori,Kisii,Yes,160215979,160215976,6,122
-0.94722,35.41667,1LB01,Amala,MSSRO,No,160190282,160208971,4,122
-0.91972,36.5925,2H01,Tong Tongi,Narok,Yes,110248811,110282924,2,103
-0.91209,35.62243,2K17,Enosogami,Narok,No,110230441,110356394,2,103
-0.91184,35.62984,2K18,Upper Ewaso Ngiro South,Narok,No,110331464,110356394,2,103
-0.90415,34.53312,1KB11,Oyani,Kisii,No,160152905,160157575,3,122
-0.89944,34.54778,1KB09,Sare,Kisii,No,160088665,160152905,2,122
-0.89809,34.6742,1KB10,Nyangweta,Kisii,No,160140057,160141225,2,122
-0.89806,37.50278,4DE02,Tana Karaba,Thiba,Yes,110390506,110393130,5,103
-0.89722,35.4375,1LB02,Amala,MSSRO,Yes,160207800,160198457,4,122
-0.89444,34.66944,1KB08,Riasuta,Kisii,No,160141225,160169256,2,122
-0.8826,36.80302,KARAN01,Karangi Kiana,Upper Tana,Yes,110289481,110292105,2,103
-0.875,36.78889,4CA19,Kariminu,Upper Tana,No,110289481,110292105,2,103
-0.86461,37.1406,4BF01,Saba Saba,Upper Tana,Yes,110252744,110233065,2,103
-0.85889,34.76389,1KB13,Mogunga,Kisii,No,160184440,160161079,3,122
-0.85439,36.82793,KIMAK01,Kimakia,Upper Tana,Yes,110251432,110347210,2,103
-0.85169,36.80063,4CA03,Chania,Upper Tana,No,110315720,110347210,3,103
-0.84306,34.62639,1KB14,Nyangweta,Kisii,No,160171591,160172759,4,122
-0.83167,36.85,4CB08,Thika,Upper Tana,No,110317032,110318344,2,103
-0.83143,36.79128,4CA15,Kimakia,Upper Tana,Yes,110251432,110347210,2,103
-0.825,36.77917,4CA18,Ragia,Upper Tana,No,110197639,110251432,2,103
-0.82361,36.77667,4CA17,Kimakia,Upper Tana,No,110197639,110251432,2,103
-0.82083,37.64167,4DD01,Thiba,Thiba,Yes,110269800,110349832,2,103
-0.81707,39.83856,4G08,Tana at Nanigi/Bura Intake,Lower Tana,Yes,110378695,110397064,6,103
-0.81667,36.26944,2GD04,Lake Naivasha,Naivasha,No,110299976,110296039,2,103
-0.80988,37.07202,GITHAM01,Githambara,Upper Tana,Yes,110044135,110046759,2,103
-0.80922,34.57205,1KB03,Gucha,Kisii,Yes,160175095,160155238,4,122
-0.80833,36.81667,4CB05,Thika,Upper Tana,Yes,110268488,110297351,2,103
-0.8,37.68333,4ED01,Tana Kamburu,Thiba,Yes,110382632,110348519,6,103
-0.7989,36.8344,GITHI01,Githika,Upper Tana,Yes,110268488,110297351,2,103
-0.79722,37.21944,4BF02,Saba Saba,Upper Tana,Yes,110310471,110311783,4,103
-0.79176,36.80548,THIKA01,Thika Valley/Ndiara,Upper Tana,Yes,110268488,110297351,2,103
-0.78986,35.34635,1LA03,Nyangores,Kericho,Yes,160186773,160159910,4,122
-0.78983,37.1292,GITHA01,Githanja,Upper Tana,Yes,110046759,110317030,2,103
-0.7875,37.26806,4BE02,Tana,Upper Tana,Yes,110341959,110343271,5,103
-0.78487,37.01074,4BE03,Irati,Upper Tana,Yes,110273734,110296038,2,103
-0.78194,36.74722,4CA16,Kimakia,Upper Tana,No,110197639,110251432,2,103
-0.77917,36.89167,4BE05,Gathanda,Upper Tana,Yes,110214694,110273734,2,103
-0.77302,36.41352,2GD06,Lake Naivasha,Naivasha,No,110239622,110240934,3,103
-0.75917,34.62639,1KA10,Misadhi,Kisii,No,160147060,160127203,2,122
-0.75833,34.8125,1KB04,Gucha,Kisii,No,160193780,160194948,4,122
-0.75833,36.68333,4CA05,Sasamua,Upper Tana,No,110213382,110284231,3,103
-0.75004,37.15771,4BE01,Maragua,Upper Tana,Yes,110318342,110319654,4,103
-0.75,36.72639,4CA20,Makiama,Upper Tana,No,110197639,110251432,2,103
-0.74306,36.74861,4CB07,Thika,Upper Tana,Yes,110268488,110297351,2,103
-0.74167,36.84167,4BE06,Irati,Upper Tana,Yes,110214694,110273734,2,103
-0.74167,36.84167,4BE07,Githaigwa,Upper Tana,Yes,110214694,110273734,2,103
-0.73889,35.35833,1LA01,Nyangores,Kericho,Yes,160224148,160186773,4,122
-0.7342,37.5109,4DD02,Thiba,Thiba,Yes,110351141,110352453,5,103
-0.73333,37.05,4BE04,Kayahwe,Muranga,Yes,110319653,110302598,3,103
-0.73194,37.47694,4DA07,Thiba Up,Thiba,No,110336709,110338021,4,103
-0.73042,36.53704,2GD07,Karati,Naivasha,Yes,110285541,110273732,2,103
-0.72812,37.25878,4BE10,Tana Rukanga,Upper Tana,Yes,110365573,110366885,5,103
-0.725,37.49444,4DC02,Rupingazi,Thiba,Yes,110347205,110348517,4,103
-0.72472,36.65528,4CA06,Chania,Upper Tana,No,110218629,110213382,2,103
-0.72333,36.67806,4CA13,Kiburu,Upper Tana,No,110219941,110277670,2,103
-0.72319,36.84227,4BE08,Gikigie,Upper Tana,Yes,110289477,110296038,2,103
-0.72167,37.16333,4BD02,Mathioya,Upper Tana,No,110341957,110343269,4,103
-0.71434,37.18003,4BD01,Mathioya,Upper Tana,No,110343269,110344581,4,103
-0.71389,35.10694,1JE01,Sisei,Kericho,Yes,160172755,160192611,4,122
-0.71389,34.51667,1KA09,Riana,Kisii,Yes,160175091,160176259,4,122
-0.71389,37.45,4DB02,Nyamindi,Thiba,No,110381315,110324900,3,103
-0.71081,37.43594,4DA06,Murubara,Thiba,No,110277668,110335397,2,103
-0.70851,35.22129,1JF06,Kipsonoi,Kericho,Yes,160182098,160189107,3,122
-0.70833,34.82083,1KB07,Gucha,Kisii,Yes,160134211,160192612,4,122
-0.70833,37.11667,4BD05,Mathioya,Upper Tana,No,110297348,110320965,2,103
-0.70139,37.12083,4BD04,Mathioya,Upper Tana,No,110326212,110339333,3,103
-0.69861,35.12222,1JF02,Kipsonoi,Kericho,Yes,160194946,160192611,3,122
-0.69743,36.84595,4BE09,Ichichi,Upper Tana,Yes,110289477,110296038,2,103
-0.69678,36.42033,2GD02,Karati,Naivasha,Yes,110276356,110299973,3,103
-0.69028,34.78333,1KA05,Nyakomisaro,Kisii,Yes,160158737,160159905,2,122
-0.68889,34.53056,1KA08,Riana,Kisii,Yes,160166914,160168082,3,122
-0.67778,36.88472,4BD06,Mathioya,Upper Tana,Yes,110229124,110343267,2,103
-0.67222,37.24167,4BC04,Rwamuthambi,Thiba,Yes,110349827,110348516,3,103
-0.67222,37.24167,4BC04,Rwamuthambi,Thiba,Yes,110349827,110348516,3,103
-0.67119,37.20388,4BC02,Tana Sagana,Upper Tana,Yes,110436419,110348516,5,103
-0.667,37.4,4EB09,Tungu,KathitaKathita-Mutonga,Yes,110381315,110324900,3,103
-0.66667,34.92139,1KB12,Kenyamware,Kisii,No,160135377,160135378,2,122
-0.65,35.29444,1JF03,Kipsonoi,Kericho,Yes,160208961,160180930,3,122
-0.64444,36.63667,2GC07,Turasha,Naivasha,Yes,110206818,110208130,2,103
-0.6396,37.19376,4BB01,Ragati,Upper Tana,Yes,110362945,110436419,3,103
-0.62778,37.00417,4DA09,Thiba,Upper Tana,No,110033634,110368195,2,103
-0.62722,36.37972,2GA05,Gilgil,Naivasha,Yes,110272419,110273731,2,103
-0.62637,37.29401,4DA03,Kiwe,Thiba,No,110236994,110378691,2,103
-0.61988,34.87152,1HD NEW,Rigwero,Kisii,#N/A,160099167,160159901,2,122
-0.61944,37.36806,4DB03,Nyamindi Canal,Thiba,No,110290786,110380003,3,103
-0.61916,34.75629,1HE02,Mogusii,Kisii,No,160138880,160157567,2,122
-0.61676,37.31894,4DA10,Thiba,Thiba,Yes,110355073,110286850,3,103
-0.61667,36.95,4BD07,Mathioya,Upper Tana,Yes,110033634,110368195,2,103
-0.61528,37.36944,4DB04,Nyamindi,Thiba,Yes,110290786,110380003,3,103
-0.61429,37.35278,4DA05,Murubara,Thiba,No,110238306,110277668,2,103
-0.61306,36.5575,2GC09,Turasha,Naivasha,No,110206818,110208130,2,103
-0.60278,35.28889,1JA01,Itare,Kericho,Yes,160182095,160203118,3,122
-0.59028,35.08556,1JF07,Kipsonoi Kapsimbiri,Kericho,Yes,160197279,160206622,4,122
-0.58531,37.24109,4BC05,Rwamuthambi,Thiba,No,110280288,110275042,3,103
-0.58407,36.90605,MTAI01,Mitai,Upper Tana,Yes,110191074,110275041,2,103
-0.58333,37.3125,4DA01,Thiba,Thiba,No,110355073,110286850,3,103
-0.57444,34.73667,1HE03,Isanda,Kisii,No,160124862,160126030,2,122
-0.57414,36.91814,4AD06,Gikira,Upper Tana,No,110226497,110275041,2,103
-0.57172,36.36072,2GA01,Gilgil,Naivasha,Yes,110355072,110360321,3,103
-0.57139,36.49028,2GC08,Muruaki,Naivasha,No,110324897,110326208,4,103
-0.56643,36.40426,2GB01,Malewa,Naivasha,Yes,110386560,110380001,5,103
-0.56169,36.87556,MAROG01,Marogoya,Upper Tana,Yes,110226497,110275041,2,103
-0.55694,37.38333,4DB01,Nyamindi,Thiba,No,110356384,110290786,3,103
-0.5548,35.25844,1JA02,Kiptiget,Kericho,Yes,160192606,160203118,2,122
-0.55337,36.5604,2GC05,Nandarasi,Naivasha,Yes,110309152,110310464,2,103
-0.55188,37.32202,4DA12,Rutue,Thiba,Yes,110317024,110353761,2,103
-0.55,36.90833,4AD03,Thuti,Upper Tana,Yes,110244864,110246176,2,103
-0.53982,37.47162,4DC08,Kapingazi,Thiba,No,110318336,110364257,2,103
-0.53883,37.33463,4DA13,Kiringa,Thiba,Yes,110314396,110340640,2,103
-0.53832,37.33577,4DA11,Thiba,Thiba,Yes,110330144,110340640,3,103
-0.53333,37.4375,4DC03,Rupingazi,Thiba,Yes,110332767,110357696,3,103
-0.52853,36.86218,GATHA02,Gathanji,Upper Tana,Yes,110285535,110303903,2,103
-0.52448,37.0187,4AD01,Gura,Upper Tana,Yes,110362944,110353759,4,103
-0.52417,36.55556,2GC06,Sasini,Naivasha,Yes,110255359,110306528,2,103
-0.52222,36.53333,2GC10,Mukungi,Naivasha,Yes,110307840,110361630,2,103
-0.52,37.07778,4BA01,Sagana,Upper Tana,No,110353759,110355071,4,103
-0.51729,36.94088,MUMWE01,Mumwe,Upper Tana,Yes,110285535,110303903,2,103
-0.515,37.569,4DB05,NYAMINDI,0,Yes,110317023,110318335,3,103
-0.5125,35.07917,1JF01,Kipsonoi,Kericho,Yes,160205453,160205452,4,122
-0.50833,34.95,1HD06,Eaka Kioge,Kisii,No,160164573,160177420,2,122
-0.50139,34.84028,1HD05,Awach Kasipul,Kisii,Yes,160171580,160172747,3,122
-0.49944,37.68333,4EC02,Ena,Thiba,No,110239614,110343263,2,103
-0.49735,36.3655,2GA06,Little Gilgil,Kabarnet,No,110201567,110353760,2,103
-0.49696,36.39754,2GB05,Malewa,Naivasha,Yes,110378686,110351135,4,103
-0.49583,36.94167,4AD04,Gura,Upper Tana,No,110278975,110303903,3,103
-0.49583,37.42778,4DC01,Rupingazi,Thiba,No,110311774,110332767,2,103
-0.49484,37.34479,4DA New,Thiba,Thiba,#N/A,110326206,110288159,3,103
-0.49444,35.27639,1JB04,Maramara,Kericho,No,160162236,160163404,2,122
-0.49343,36.34625,2GA03,Gilgil,Naivasha,Yes,110343261,110353760,3,103
-0.4925,34.25972,1HF,Gembe Hills,Kisii,No,160200780,160207787,3,122
-0.49083,36.61667,2GC01,Nandarasi,Naivasha,Yes,110256671,110309152,2,103
-0.48811,35.18131,1JB05,New Itare,Kericho,No,160203117,160211291,3,122
-0.4854,35.0779,1JD03,Yurith,Kericho,Yes,160215963,160207788,5,122
-0.483,37.45,4DC06A,Kapingazi Up,Thiba,#N/A,110318336,110364257,2,103
-0.48164,36.41907,2GC04,Turasha,Naivasha,Yes,110383933,110340639,4,103
-0.48056,35.18194,1JB03,Chemosiet,Kericho,Yes,160211291,160212459,4,122
-0.47917,38.21667,1JB02,Maramara,Kericho,Yes,110268478,110269790,2,103
-0.47917,37.0375,4AC07,Kagumo Muhoko,Upper Tana,No,110297342,110298654,2,103
-0.47778,37.68333,4EC01,Ena,Thiba,No,110239614,110343263,2,103
-0.47222,35.17361,1JB01,Itare Chemosiet,Kericho,No,160211291,160212459,4,122
-0.46843,34.54961,1HE01,Awach Tende,Kisii,Yes,160194939,160196107,3,122
-0.4675,35.93889,2FC03,Njoro,Naivasha,No,110247487,110317021,2,103
-0.46667,35.20833,1JC05,Kimugung,Kericho,Yes,160194937,160212459,4,122
-0.4639,39.63655,4G01,Tana Garissa,Lower Tana,Yes,110391806,110393118,6,103
-0.4625,35.17917,1JC02,Janji,Kericho,Yes,160194937,160212459,4,122
-0.45694,35.14167,1JD02,Yurith Chemosiet,Kericho,Yes,160212459,160213627,5,122
-0.45179,34.88435,1HD03,Awach Kabondo,Kisii,Yes,160190266,160191434,2,122
-0.45139,37.16389,4BB02,Kururu,Upper Tana,No,110275037,110334079,2,103
-0.45,34.88333,1HD02,Awach,Kisii,Yes,160190266,160191434,2,122
-0.45,35.61389,1JF04,Kipsonoi,Kericho,Yes,160148218,160176252,2,122
-0.44896,37.04337,4AC03,Sagana,Upper Tana,Yes,110369502,110370814,5,103
-0.44566,37.0434,4AA05,Sagana,Upper Tana,Yes,110364253,110369502,4,103
-0.44167,35.14167,1JD01,Lesser Ainabkoi,Kericho,Yes,160158730,160159898,3,122
-0.43611,36.82639,4AC06,Thaina,Upper Tana,No,110048061,110050685,2,103
-0.43333,37.2,4BC07,Rwamuthambi,Upper Tana,No,110235678,110236991,2,103
-0.43306,34.14583,1HG,Lake Victoria At Rusinga,0,No,160152890,160204281,3,122
-0.42917,37.22083,4BC06,Kandera,Upper Tana,No,110236990,110280288,2,103
-0.42361,35.29583,1JC04,Saosa,Kericho,Yes,160133033,160193769,2,122
-0.42361,35.30556,1JC10,Saosa,Kericho,No,160133033,160193769,2,122
-0.42333,36.89861,4AC05,Chania,Upper Tana,No,110348509,110349821,3,103
-0.42222,35.23472,1JC11,Saosa,Kericho,Yes,160185593,160194937,3,122
-0.42083,35.23333,1JC12,Kimugu,Kericho,No,160185593,160194937,3,122
-0.42083,36.95833,4AC04,New Chania,Upper Tana,Yes,110349821,110351133,3,103
-0.41667,37.17778,4BB03,Muhuhi,Upper Tana,No,110246172,110275037,2,103
-0.41667,37.185,4BB05,Chehe,Upper Tana,Yes,110246172,110275037,2,103
-0.41667,37.17778,4BC03,Rwamuthambi,Upper Tana,Yes,110246172,110275037,2,103
-0.41389,35.58333,1JA05,Ndoinet,Kericho,Yes,160140040,160187930,2,122
-0.41389,36.94583,4AC01,Chania,Upper Tana,No,110349821,110351133,3,103
-0.41389,37.30972,4DA02,Thiba,Thiba,Yes,110248796,110294717,2,103
-0.4125,35.68889,1LA02,Keringet,Kericho,No,160120186,160120187,2,122
-0.41001,36.40644,2GB02,Malewa,Naivasha,No,110299964,110398365,2,103
-0.40694,35.24861,1JC06,Diansoit,Kericho,Yes,160136535,160185593,2,122
-0.40694,35.25139,1JC09,Kimugung,Kericho,Yes,160136535,160185593,2,122
-0.40556,35.57222,1JA03,Songon,Kericho,No,160196105,160186762,2,122
-0.40556,35.57361,1JA06,Songon,Kericho,Yes,160196105,160186762,2,122
-0.40556,35.57361,1JA07,Songon,Kericho,Yes,160196105,160186762,2,122
-0.40458,36.23649,2FA09,Lake Elementaita,Naivasha,No,110338012,110339325,3,103
-0.40417,35.58472,1HD09,Awach Kibuon,NSNSRO,No,160164568,160196105,2,122
-0.40417,35.58472,1JA04,Lower Songon,Kericho,No,160164568,160196105,2,122
-0.40278,34.66944,1HD01,Awach Tende,Kisii,Yes,160212457,160213625,3,122
-0.40278,34.65367,1HD04,Awach Kabuon,Kisii,Yes,160213625,160196100,3,122
-0.40278,35.33333,1JC14,Lagan,Kericho,No,160133033,160193769,2,122
-0.40247,36.94533,4AB01,Muringato,Upper Tana,No,110302588,110313084,3,103
-0.4,37.01667,4AA04,Nairobi,Upper Tana,Yes,110318330,110365564,3,103
-0.39979,36.99206,4AB06,Amboni,Upper Tana,No,110395740,110379997,4,103
-0.39801,35.91136,2FC18,Njoro,Naivasha,Yes,110318333,110344572,2,103
-0.39722,36.89028,4AB07,Muraria,Upper Tana,No,110286844,110302588,3,103
-0.39665,36.22223,2FA08,Mereroni,Naivasha,Yes,110303899,110338012,3,103
-0.39664,35.01698,1JG05,Sondu,Kericho,Yes,160228809,160229977,5,122
-0.39306,35.00833,1JG01,Sondu,Kericho,Yes,160228809,160229977,5,122
-0.39167,37.59861,4EB04,Thuchi,KathitaKathita-Mutonga,Yes,110250109,110365565,2,103
-0.38611,35.31667,1JC08,Timbilil,Kericho,Yes,160183256,160193769,2,122
-0.38472,36.975,4AB02,Mweiga,Upper Tana,No,110311772,110313084,2,103
-0.38056,35.33333,1JC07,Timbilil,Kericho,Yes,160183256,160193769,2,122
-0.37917,35.29306,1JC01,Chemongodi Spring,Kericho,No,160164567,160185593,2,122
-0.37917,37.45417,4DC04,Rupingazi,Thiba,No,110351132,110352444,2,103
-0.37778,36.90556,4AB08,Muringato,Upper Tana,No,110301276,110302588,2,103
-0.37778,37.89417,4EA05,Mutonga,KathitaKathita-Mutonga,No,110372123,110432476,5,103
-0.37639,37.89583,4EA07,Mutonga,KathitaKathita-Mutonga,Yes,110372123,110432476,5,103
-0.37458,35.92797,2FC05,Njoro,Naivasha,Yes,110344572,110328827,3,103
-0.37361,35.36389,1JC13,Sambret,Kericho,Yes,160182088,160183256,2,122
-0.3721,35.94184,2FC19,Njoro,Naivasha,No,110344572,110328827,3,103
-0.37083,35.35556,1JC17,Menet,Kericho,No,160183256,160193769,2,122
-0.36806,37.62083,4EB05,Ruguti,KathitaKathita-Mutonga,Yes,110364250,110382621,3,103
-0.36667,35.29167,1JC03,Kimugung,Kericho,Yes,160164567,160185593,2,122
-0.36667,37.06667,4AA01,Sagana,Upper Tana,Yes,110284219,110330140,2,103
-0.36528,35.37778,1JC16,Sambret,Kericho,No,160182088,160183256,2,122
-0.36389,35.39028,1JC15,Sambret,Kericho,No,160182088,160183256,2,122
-0.36354,37.08737,IRURI01,Iruri,Upper Tana,Yes,110282907,110284219,2,103
-0.36194,37.87139,4EB07,Thuchi,KathitaKathita-Mutonga,No,110376061,110348507,3,103
-0.35722,36.19889,2FA02,Mereroni,Naivasha,Yes,110303899,110338012,3,103
-0.35461,34.80498,1JG04,Miriu Sondu,Kericho,Yes,160233481,160212454,5,122
-0.35428,35.74039,1JD04,Ainapkoi,Kericho,No,110259290,110318329,2,103
-0.3525,36.20056,2FA10,Mereroni,Naivasha,Yes,110303899,110338012,3,103
-0.35111,37.85833,4EB06,Ruguti,KathitaKathita-Mutonga,#N/A,110355067,110356379,3,103
-0.35,36.98889,4AB05,Amboni,Upper Tana,Yes,110339323,110340635,3,103
-0.34722,34.8125,1JG02,Miriu,Kericho,Yes,160233481,160212454,5,122
-0.34722,34.79444,1JG03,Miriu Sondu,Kericho,Yes,160233481,160212454,5,122
-0.34597,37.04766,4AA02,Thego,Upper Tana,Yes,110343258,110320955,3,103
-0.34583,37.45556,4DC05,Thambana,Thiba,No,110251418,110315708,2,103
-0.34306,37.87083,4EB10,Mara,KathitaKathita-Mutonga,No,110400986,110357691,4,103
-0.34167,37.87083,4EB11,Mara Old,KathitaKathita-Mutonga,Yes,110400986,110357691,4,103
-0.34,37.86583,4EB08,Mara,KathitaKathita-Mutonga,No,110400986,110357691,4,103
-0.33667,36.91389,4AB03,Mweiga,Upper Tana,No,110269787,110310460,2,103
-0.33333,37.47917,4EC03,Ena,Thiba,Yes,110297337,110319642,2,103
-0.33194,37.8875,4EA04,Mutonga River,KathitaKathita-Mutonga,No,110425914,110370811,3,103
-0.32179,36.08407,2FC16,Njoro,Naivasha,Yes,110314394,110407546,4,103
-0.32128,36.08419,2FC04,Lake Nakuru,Naivasha,No,110314394,110407546,4,103
-0.31806,36.41389,2GB07,Melewa,Naivasha,Yes,110398362,110347195,3,103
-0.3163,35.84768,2EC03,Rongai,Kabarnet,Yes,110327514,110311768,2,103
-0.31389,36.90139,4AB09,Amboni,Upper Tana,No,110297338,110298650,2,103
-0.30833,37.15,4AA07,U.Sagana,Upper Tana,Yes,110257977,110271098,2,103
-0.30056,35.98611,2FC09,Njoro,Naivasha,Yes,110386554,110387866,3,103
-0.3,37.13333,4AA06,Lower Sagana,Upper Tana,Yes,110271098,110272410,2,103
-0.29789,37.1125,KAMAH01,Kamahuri,Upper Tana,Yes,110313081,110338009,2,103
-0.2946,37.43322,4DC06B,Kapingazi Lower,Thiba,#N/A,110251418,110315708,2,103
-0.2875,37.64583,4EB01,Nithi,KathitaKathita-Mutonga,Yes,110323576,110397049,2,103
-0.28472,38.01806,4F13,Tana-Grand Falls,KathitaKathita-Mutonga,Yes,110431161,110432473,6,103
-0.28194,35.01944,1GE01,Cherongit,Kisumu,No,160152885,160175077,3,122
-0.27928,36.48447,2GB04,Wanjohi,Naivasha,Yes,110334073,110335385,3,103
-0.27917,37.85556,4EA06,Mutonga,KathitaKathita-Mutonga,Yes,110421977,110423289,3,103
-0.27711,37.11161,GATUB01,Gatubia,Upper Tana,Yes,110252729,110254041,2,103
-0.27632,36.48351,2GB09,Wanjohi,Naivasha,No,110334073,110335385,3,103
-0.25889,37.64722,4EB02,South Mara,KathitaKathita-Mutonga,No,110322264,110370809,2,103
-0.25639,36.41306,2GB06,Melewa,Naivasha,No,110272408,110353752,2,103
-0.2525,37.00333,4BB04,Kururu,Upper Tana,Yes,110315704,110317016,2,103
-0.251,38.102,4F20,Thanandu,KathitaKathita-Mutonga,No,110437721,110439033,6,103
-0.23889,38.00556,4F19,Kazita,KathitaKathita-Mutonga,Yes,110364248,110429849,4,103
-0.23,35.781,2EG04,Munji,Kabarnet,No,"
110301272",110322263,2,103
-0.21691,36.17569,2FC06,Ngosur,Naivasha,,110250105,110271097,2,103
-0.21528,37.65694,4EB03,South Mara,KathitaKathita-Mutonga,No,110250103,110344568,2,103
-0.21111,36.18333,2FC07,Ngosur,Naivasha,Yes,110250105,110271097,2,103
-0.20609,35.70449,1JC19,Kimugu,Kericho,No,110242231,110264535,2,103
-0.20534,35.46434,1GC04,Tugenon,Kisumu,Yes,160184418,160185586,4,122
-0.20517,35.7542,1GC07,Kipchorian,Kisumu,Yes,110243543,110244855,2,103
-0.20505,35.4635,1GC03,Nyando,Kisumu,Yes,160184418,160185586,4,122
-0.20427,35.34752,1GG01,Namuting,Kisumu,Yes,160169234,160169235,3,122
-0.20139,37.65833,4EA01,Mutonga,KathitaKathita-Mutonga,No,110294710,110356375,2,103
-0.2,35.46667,1GC06,Nyando,Kisumu,Yes,160184418,160185586,4,122
-0.19861,35.25694,1GG02,Namuting,Kisumu,Yes,160179746,160193762,3,122
-0.19444,35.53472,1GC05,Masaita,Kisumu,Yes,160173905,160180914,4,122
-0.19063,36.50597,5AB02,Pesi,Rumuruti,Yes,110323573,110324885,2,103
-0.17226,34.92089,1GD01,Nyando (Ahero Bridge),Kisumu,Yes,160222960,160205444,5,122
-0.16944,35.15694,1GD02,Nyando,Kisumu,Yes,160191425,160192593,4,122
-0.16944,37.95972,4F17,Thingithu,KathitaKathita-Mutonga,Yes,110395734,110414102,3,103
-0.16806,37.97694,4F11,Thingithu,KathitaKathita-Mutonga,No,110412790,110414102,4,103
-0.16389,34.91944,1GD01A,Nyando,Kisumu,No,160222960,160205444,5,122
-0.16389,35.16389,1GD07,Nyando,Kisumu,Yes,160191425,160192593,4,122
-0.16164,37.9793,4F10,Kazita,KathitaKathita-Mutonga,Yes,110412790,110414102,4,103
-0.1528,36.44277,5AA13,Lake Ol Bolossat,Rumuruti,No,110261909,110319638,2,103
-0.15278,37.67361,4EA02,Iraru River,KathitaKathita-Mutonga,No,110239605,110240917,2,103
-0.15,35.131,1GD06,Nyando,Kisumu,No,160193761,160220624,4,122
-0.14583,34.80833,1HA10,Luando,Kisumu,No,160194928,160194929,3,122
-0.14167,34.97361,1GD08,Nyando,Kisumu,No,160222960,160205444,5,122
-0.13333,35.60278,1GC01,Masaita Dam,Kisumu,No,160196095,160196096,2,122
-0.12538,35.00115,1GD03,Nyando,Kisumu,Yes,160221792,160222960,5,122
-0.11667,34.7875,1HA08,Kibos,Kisumu,No,160189087,160214788,4,122
-0.10769,35.93295,2EC02,Rongai,Kabarnet,Yes,110327510,110355060,2,103
-0.10167,37.68056,4EA03,Kithino River,KathitaKathita-Mutonga,Yes,110091348,110242229,2,103
-0.10139,35.04444,1GD04,Nyando,Kisumu,Yes,160214783,160221792,5,122
-0.10139,35.04722,1GD05,Nyando,Kisumu,Yes,160210110,160214783,4,122
-0.09488,34.47486,1HB05,Awach Seme,Kisumu,Yes,160206607,160207775,2,122
-0.09444,37.92778,4F26,Kazita,KathitaKathita-Mutonga,No,110296019,110421972,2,103
-0.09306,35.05278,1GB08,Ainamotua,Kisumu,Yes,160210110,160214783,4,122
-0.0875,34.74028,1HB04,Lake Victoria At Kisumu,Kisumu,No,160106158,160220628,2,122
-0.0836,35.91398,2EG01,Molo,Kabarnet,Yes,110361621,110386548,4,103
-0.0765,38.0091,4F16,Tana,KathitaKathita-Mutonga,No,110420659,110414100,3,103
-0.07631,38.41452,4G10,Saka Tana,Lower Tana,No,110453459,110454771,6,103
-0.07532,35.05611,1GB03,Ainamatua,Kisumu,Yes,160208942,160210110,4,122
-0.075,34.81389,1HA16,Kibos,Kisumu,No,160179741,160189087,4,122
-0.07359,35.00061,1HA11,Great Oruba,Kisumu,No,160124842,160185582,2,122
-0.0685,34.81456,1HA15,Kibos,Kisumu,Yes,160179741,160189087,4,122
-0.06667,34.81389,1HA12,Kibos,Kisumu,Yes,160179741,160189087,4,122
-0.06667,36.55333,5AD01,Mutara,Rumuruti,Yes,110247474,110306512,2,103
-0.06528,35.07639,1GB09,Ainamotua,Kisumu,Yes,160207774,160208942,4,122
-0.06294,36.52996,5AB04,Pesi,Rumuruti,Yes,110360307,110338002,3,103
-0.0608,35.14769,1GB06A,Mbogo,Kisumu,No,160172734,160212445,2,122
-0.05833,35.14333,1GB06,Mbogo,Kisumu,Yes,160172734,160212445,2,122
-0.05833,35.07222,1GB10,Kapchure,Kisumu,Yes,160186749,160208942,3,122
-0.052,37.967,4F28,Rujiweru,KathitaKathita-Mutonga,No,110341939,110420660,2,103
-0.04722,34.80417,1HA14,Awach,Kisumu,Yes,160190252,160179741,3,122
-0.04665,34.26471,1FG02,Yala,Siaya,Yes,160221789,160224125,4,122
-0.03333,34.88611,1HA03,Ngaita,Kisumu,No,160136525,160152878,2,122
-0.02956,35.17906,1GB05,Ainamatua,Kisumu,Yes,160215948,160217116,3,122
-0.025,35.17639,1GB11,Ainopsiwa,Kisumu,No,160178571,160217116,3,122
-0.025,34.78333,1HA06,Awach,Kisumu,No,160190252,160179741,3,122
-0.01944,35,1HA01,Great Oruba,Kisumu,Yes,160124842,160185582,2,122
-0.01056,37.04639,4F29,Kazita,Upper Ewaso Ngâ€™iro (UEN),Yes,110038866,110269778,2,103
-0.00833,35.1,1GB07,Kapchure,Kisumu,Yes,160191419,160184413,3,122
-0.00833,34.80417,1HA04,Kibos,Kisumu,Yes,160177403,160179741,3,122
-0.00833,34.80139,1HA05,Tributary Of Kibos,Kisumu,No,160177403,160179741,3,122
-0.00205,34.14008,1FG03,Yala Kadenge,Siaya,Yes,160267340,160242811,4,122
0,34.60833,1HB03,Maseno,Kisumu,No,160148204,160218284,2,122
0.00078,36.15384,2EC01,Olobanaita,Kabarnet,Yes,110243538,110306513,2,103
0.00833,36.39667,5AA12,Lake Ol Bolossat,Rumuruti,No,110305202,110335376,3,103
0.01389,34.6,1HB01,Maseno,Kisumu,No,160148204,160218284,2,122
0.01389,34.57222,1HB02,Spring Near Maseno,Kisumu,No,160148204,160218284,2,122
0.01465,38.03128,4F08,Thangatha,KathitaKathita-Mutonga,Yes,110416721,110369490,3,103
0.01752,35.82415,2EF03,Esageri,Kabarnet,Yes,110303889,110305201,2,103
0.01903,36.36513,5AA05,Equator,Rumuruti,Yes,110355057,110356369,3,103
0.02,36.4,5AA11,Ewaso Narok,Rumuruti,Yes,110305202,110335376,3,103
0.0224,35.7837,2EF04,Narasura,Kabarnet,Yes,110302577,110301264,2,103
0.0225,36.35,5AA04,Equator,Rumuruti,Yes,110353745,110355057,2,103
0.025,34.72917,1HA13,Gwambei,Kisumu,No,160149372,160158721,2,122
0.02583,37.58722,4F31,Kazita Katheri,KathitaKathita-Mutonga,Yes,110360305,110361617,3,103
0.02667,36.35056,5AA10,Nyahururu,Rumuruti,Yes,110318320,110353745,2,103
0.02833,36.37417,5AA02A,Equator,Rumuruti,Yes,110362929,110335376,3,103
0.03222,36.35583,5AA06,Oraimutia,Rumuruti,Yes,110318320,110353745,2,103
0.035,36.31861,5AA07,Nyahururu Dam,Rumuruti,No,110318320,110353745,2,103
0.03889,36.375,5AA01,Ewaso Narok,Rumuruti,Yes,110362929,110335376,3,103
0.04167,37.65833,4F05,Mariara New,KathitaKathita-Mutonga,Yes,110338000,110348496,3,103
0.04297,36.37239,5AA01A,Ewaso Narok,Rumuruti,,110335376,110360302,4,103
0.04333,37.64167,4F03,Kazita,KathitaKathita-Mutonga,No,110338000,110348496,3,103
0.04675,35.72165,2ED03,Eldama,Kabarnet,Yes,110314384,110315696,2,103
0.04778,36.36944,5AA17,Ewaso Narok,Rumuruti,Yes,110335376,110360302,4,103
0.0561,36.23723,2EB01,Wards Stream,Kabarnet,Yes,110317008,110340623,3,103
0.05755,34.62799,1FF02,Zaaba,Eldoret,Yes,160161050,160175065,2,122
0.0583,34.6278,1FF03A,Zaaba,Eldoret,Yes,160161050,160175065,2,122
0.05861,38.00861,4F22,Ura,KathitaKathita-Mutonga,Yes,110331440,110332752,3,103
0.05917,35.69991,2ED02,Lelget,Kabarnet,Yes,110257968,110315696,2,103
0.06472,37.97917,4F09,Ura,KathitaKathita-Mutonga,Yes,110330128,110331440,2,103
0.06583,37.9975,4F21,Runkunu,KathitaKathita-Mutonga,Yes,110330128,110331440,2,103
0.06667,37.94583,4F27,Thangatha,KathitaKathita-Mutonga,Yes,110310447,110358992,2,103
0.08002,36.66461,5AD04,Mutara,Rumuruti,Yes,110306512,110366861,2,103
0.08056,35.1875,1GB01,Ainopsiwa,Kisumu,Yes,160151705,160168058,2,122
0.08333,35.1875,1GB02,Ainopsiwa,Kisumu,No,160151705,160168058,2,122
0.08468,34.5424,1FG01,Yala,Siaya,Yes,160246313,160247481,4,122
0.09,35.19667,1GB04,Ainopsiwa,Kisumu,No,160151705,160168058,2,122
0.09181,34.56097,1FF03,Edzawa,Eldoret,Yes,160221784,160246313,3,122
0.09528,36.58139,5AB03,Pesi,Rumuruti,Yes,110261903,110377358,2,103
0.10021,35.69002,2ED01,Tigeri,Kabarnet,Yes,110278959,110280271,3,103
0.10021,35.69002,2ED01,Tigeri,Kabarnet,Yes,110280271,110281583,3,103
0.10431,34.72402,1FF01,Edzawa,Eldoret,Yes,160175064,160203096,2,122
0.11564,34.85424,1FE03,Garagoli,Eldoret,Yes,160176232,160177400,2,122
0.12135,34.09087,1EF01,Nzoia (At Rwambwa Ferry),Siaya,Yes,160267336,160268504,6,122
0.13056,35.20417,1FD01,Kibabet,Eldoret,Yes,160144695,160145863,2,122
0.13333,34.575,1FE01,Yala,Siaya,Yes,160240471,160241639,4,122
0.135,36.60528,5AB01,Pesi,Rumuruti,Yes,110377358,110411469,4,103
0.13556,35.88417,2EF02,Emining Esageri,Kabarnet,No,110327503,110395725,3,103
0.13559,35.12528,1FD02,Mokong,Eldoret,Yes,160194919,160196087,3,122
0.1375,36.59583,5AB05,Pesi At Ndaragwa,Rumuruti,Yes,110377358,110411469,4,103
0.14444,36.24694,2EB04,Lesser Subukia,Kabarnet,Yes,110289454,110328813,2,103
0.14583,34.32613,1EG01,Uludhi,Siaya,Yes,160166887,160193750,3,122
0.14897,34.24336,1EG02,Wuroya,Siaya,Yes,160185575,160260326,4,122
0.1575,36.43028,5AA03,Lake Ol Bolossat,Rumuruti,No,110364238,110348492,4,103
0.1625,34.31944,1EG03,Wuroya,Siaya,Yes,160173894,160175062,3,122
0.165,35.81944,2EE08,Perkerra,Kabarnet,Yes,110376045,110377357,4,103
0.16944,36.43333,5AA16,Lake Ol Bolossat,Rumuruti,No,110364238,110348492,4,103
0.17778,34.2264,1EE01,Nzoia,Siaya,Yes,160288357,160260326,6,122
0.18056,34.17083,1EF02,Gaula,Siaya,Yes,160183236,160180902,2,122
0.18121,34.93727,1FE02,Yala,Eldoret,Yes,160241638,160243974,4,122
0.1814,36.10895,2EB09,Emsos,Kabarnet,No,110242220,110243532,2,103
0.18453,36.21786,2EB03,Subukia,Kabarnet,Yes,110381293,110335372,3,103
0.19167,35.76389,2EG07,Nguso Springs,Kabarnet,No,110248779,110294698,2,103
0.19402,35.04992,1FC01,Kimondi,Eldoret,Yes,160238133,160213607,3,122
0.1998,34.4915,1EG04,Firatsi,Siaya,0,160157541,160158709,3,122
0.20556,35.86111,2EC04,Swamp Canal,Kabarnet,Yes,110334060,110358987,4,103
0.21667,36.32917,2EK01,Ol Arabel,Kabarnet,No,110244844,110314378,2,103
0.21667,36.46667,5AC13,Melwa,Rumuruti,Yes,110348492,110373419,4,103
0.22225,34.23772,1EE02,Safu,Siaya,Yes,160194916,160288357,2,122
0.23333,35.87861,2EF01,Emining Esageri,Kabarnet,No,110365547,110366859,3,103
0.23333,35.86667,2EF05,Esageri,Kabarnet,No,110360299,110366859,4,103
0.24167,35.87444,2EE09,Perkerra,Kabarnet,Yes,110366859,110402282,4,103
0.24167,36.56583,5AC14,Morogo,Rumuruti,No,110349803,110411466,3,103
0.25306,38.00028,4F23,Ura,KathitaKathita-Mutonga,Yes,110086090,110233035,2,103
0.2546,34.75046,1EB02,Isiukhu,Siaya,Yes,160255651,160256819,4,122
0.25559,36.53863,5AC15,Ewaso Narok,Rumuruti,Yes,110373419,110410154,4,103
0.26667,38.01667,4F01,Tana-Grand Falls,KathitaKathita-Mutonga,Yes,110235659,110362923,2,103
0.26667,38.01667,4F02,Kazita,KathitaKathita-Mutonga,No,110235659,110362923,2,103
0.27778,34.77639,1EB01,Isiukhu,Siaya,No,160277842,160254483,4,122
0.27833,36.59111,5AC06,Ewaso Narok,Rumuruti,Yes,110418026,110362920,4,103
0.28056,35.78472,2EG06,Mau,Kabarnet,No,110251401,110269768,2,103
0.284,34.7884,1EA01,Ikhamala,Siaya,#N/A,160277842,160254483,4,122
0.3043,35.61552,2C15,Mong,Kabarnet,No,110339306,110318312,3,103
0.30621,34.47926,1ED01,Lusumu,Siaya,Yes,160311714,160282513,4,122
0.30705,36.07584,2EB10,Lake Bogoria,Kabarnet,#N/A,110383911,110398345,3,103
0.31279,35.63317,2C14,Kimwarer,Kabarnet,Yes,110339306,110318312,3,103
0.32361,36.56806,5AC12,Aiyam,Rumuruti,No,110326184,110366857,4,103
0.33824,34.72333,1EB03,Isasala,Siaya,No,160245136,160249809,3,122
0.34709,36.07428,2EB08,Waseges,Kabarnet,No,110383911,110398345,3,103
0.35583,36.04611,2EG08,Lorwai,Kabarnet,No,110373418,110362919,3,103
0.36111,34.41944,1DD03,Lairi,Siaya,Yes,160170383,160283681,2,122
0.36833,35.82778,2EC06,Rongai,Kabarnet,Yes,110012615,110250088,2,103
0.3691,34.48688,1DD01,Nzoia,Siaya,Yes,160271999,160276672,6,122
0.3775,36.64722,5AC04,Ewaso Narok,Rumuruti,Yes,110365544,110397030,5,103
0.38341,34.14594,1AH01,Sio River,Siaya,Yes,160254479,160257984,4,122
0.38667,35.81417,2EG02,Mariashoni,Kabarnet,Yes,110012615,110250088,2,103
0.38889,35.83556,2EC07,Rongai,Kabarnet,Yes,110250088,110309126,2,103
0.39,35.54944,1CB10,Kipwen,Eldoret,Yes,160184399,160210094,2,122
0.39041,36.0897,2EB05,Waseges,Kabarnet,No,110383911,110398345,3,103
0.39428,35.19959,1CC01,Onyokie,Eldoret,Yes,160260319,160268494,3,122
0.39583,35.13194,1CC02,Mutwot,Kitale,No,160183231,160208926,2,122
0.39861,35.19972,1CC03,Onyokie Olar,Eldoret,No,160260319,160268494,3,122
0.42626,35.46427,1CB02,Kipsanandi,Eldoret,Yes,160210094,160256814,2,122
0.43175,35.99776,2EG03,Molo,Kabarnet,No,110412774,110414086,5,103
0.43605,36.72499,5AC10,Ewaso Narok,Rumuruti,Yes,110398342,110399654,5,103
0.44067,35.36669,1CB08,Endoroto,Eldoret,Yes,160257982,160266156,3,122
0.45,35.93333,2EE02,Perkerra,Kabarnet,Yes,110311750,110387845,3,103
0.45,36.03333,2EE06,Perkerra,Kabarnet,No,110414086,110406213,5,103
0.45139,35.475,1CB03,Ellegirini,Eldoret,Yes,160233453,160234621,2,122
0.45329,35.64838,2C07,Ndo,Kabarnet,Yes,110365541,110366853,4,103
0.45424,35.38857,1CB09,Ellegirini,Eldoret,Yes,160234621,160245132,2,122
0.45639,35.96528,2EE03,Perkerra,Kabarnet,Yes,110386533,110387845,4,103
0.45694,35.35694,1CB07,Endoroto,Eldoret,Yes,160257982,160266156,3,122
0.4575,35.96583,2EE07,Perkerra,Kabarnet,Yes,110386533,110387845,4,103
0.45903,35.96966,2EE07B,Perkerra,Kabarnet,No,110387845,110389157,4,103
0.45917,35.96889,2EE04,Perkerra,Kabarnet,Yes,110387845,110389157,4,103
0.46111,36.81111,5AD03,Mutara,Rumuruti,No,110319621,110377349,2,103
0.46194,35.97222,2EE07A,Perkerra,Kabarnet,Yes,110387845,110389157,4,103
0.46667,35.37361,1CB06,Ellegirini,Eldoret,Yes,160234621,160245132,2,122
0.48056,35.77778,2EH02,Kinyo,Kabarnet,Yes,110284196,110323555,2,103
0.49583,35.73472,2C04,Emabara Dam,Kabarnet,No,110261893,110296006,2,103
0.49701,35.02837,1CD01,Kipkarren,Eldoret,Yes,160269659,160270827,4,122
0.5008,35.7805,2EH NEW,Kirandich Dam,Kabarnet,,110284196,110323555,2,103
0.50139,35.29444,1CB01,Sosiani,Eldoret,Yes,160259147,160260315,3,122
0.5083,35.3833,1CA01,Segoit,Eldoret,Yes,160187899,160189067,2,122
0.50858,34.11801,1AE01,Alupe,Kitale,Yes,160180891,160183227,2,122
0.52,36.275,2D02,Amaiya,Kabarnet,No,110328803,110316994,2,103
0.52083,35.88056,2EH03,Endao,Kabarnet,No,110327491,110336676,3,103
0.52639,36.85833,5AC09,Ewaso Narok,Rumuruti,No,110418020,110463939,5,103
0.52917,36.86667,5AC08,Ewaso Narok,Rumuruti,Yes,110418020,110463939,5,103
0.53971,34.56387,1DD02,Khalaba,Kitale,Yes,160196072,160233451,2,122
0.54688,35.53604,2C13,Torok,Kabarnet,Yes,110288131,110331426,2,103
0.5485,34.80735,1DA03,Chevaywa,Eldoret,No,160224106,160273161,2,122
0.55,35.17639,1CB04,Sosiani,Eldoret,Yes,160263817,160247466,3,122
0.57694,35.51667,2C01,Tambach,Kabarnet,Yes,110008674,110263201,2,103
0.586,34.80687,1DA02,Nzoia,Kitale,Yes,160284840,160270825,6,122
0.5875,34.80139,1DA01,Nzoia,Kitale,No,160284840,160270825,6,122
0.591,34.82982,1DA04,Luandeti,Eldoret,No,160193736,160284840,3,122
0.60559,34.63932,1DC01,Chwele,Kitale,Yes,160233448,160250971,2,122
0.60684,34.96475,1CE01,Kipkarren,Eldoret,Yes,160277832,160267319,5,122
0.60833,35.49444,2C11,Kessup,Kabarnet,No,110003426,110344544,2,103
0.61854,36.02763,2EH01,Lake Baringo,Kabarnet,No,110034912,110466561,2,103
0.6195,34.9754,1DA New,Murgusi,Eldoret,#N/A,160276664,160277832,5,122
0.62008,34.68179,1DB02,Bokoli,Kitale,Yes,160253303,160263816,4,122
0.62027,34.69993,1DB01,Kuywa,Kitale,Yes,160252135,160253303,4,122
0.62266,34.34159,1AD02,Malakisi,Kitale,Yes,160246295,160247463,3,122
0.62433,35.0567,1CB05,Sosiani,Eldoret,Yes,160268488,160264983,3,122
0.6293,35.5017,2C10,Kessup,Kabarnet,No,110003426,110344544,2,103
0.63139,35.06541,1CA02,Sergoit,Eldoret,Yes,160171542,160263815,2,122
0.63528,35.51156,2C06,Kessup,Kabarnet,Yes,110003426,110344544,2,103
0.63742,34.26824,1AA01,Malaba,Kitale,Yes,160261477,160254471,4,122
0.70922,35.70288,2C NEW,Yeptos,Kabarnet,,110358974,110488861,2,103
0.76037,35.06242,1BD02,Large Nzoia,Eldoret,Yes,160253299,160254467,5,122
0.77183,34.92692,1BG07,Rongai,Kitale,Yes,160276658,160252131,4,122
0.7843,34.80307,1BH04,Kamukoywa,Kitale,Yes,160200737,160218259,3,122
0.78542,34.76737,1BH07,Sosio,Kitale,#N/A,160248626,160234611,3,122
0.79125,34.64684,1DB04,Kibisi (Kimalewa),Kitale,No,160253298,160254466,3,122
0.79167,34.71944,1BH03,Kimilili Springs,Kitale,No,160211249,160234611,2,122
0.79444,34.72222,1BH02,Kimilili,Kitale,Yes,160211249,160234611,2,122
0.80312,35.44288,1BA01,Moiben,Eldoret,Yes,160248625,160249793,3,122
0.80819,34.59463,1DB03,Kuywa,Kitale,Yes,160233441,160234609,3,122
0.81664,35.12541,1BD01,Little Nzoia,Eldoret,Yes,160242785,160243953,3,122
0.83867,34.52659,1AB01,Malakisi,Kitale,Yes,160214752,160235777,2,122
0.8694,34.8861,1BG01,Chebusan,Kitale,Yes,160143503,160267312,2,122
0.88333,34.95,1BG06,Ewaso Rongai,Kitale,Yes,160264974,160226431,4,122
0.9083,34.8917,1BG02,Tongaren,Kitale,Yes,160158686,160193726,2,122
0.91838,35.13083,1BB01,Nzoia,Kitale,Yes,160259133,160266141,5,122
0.92557,35.1325,1BC01,Noigamaget,Kitale,Yes,160252125,160266141,4,122
0.93056,36.73389,5C06,Engare Narok Dam,Rumuruti,No,110414072,110435064,3,103
0.94966,35.23952,1BB02,Losura,Kitale,Yes,160215916,160239277,4,122
0.96111,35.63333,2C17,Kerio,Kabarnet,Yes,110448184,110480983,3,103
0.96268,35.08981,1BE06,Koitobos,Kitale,Yes,160239276,160267310,4,122
0.98047,35.56702,2C05,Arror,Kabarnet,Yes,110440310,110444247,3,103
0.98057,34.83927,1BG03,Kabeywan,Kitale,Yes,160226427,160262635,2,122
0.99444,36.81528,5C05,Ndedero Dam,Rumuruti,No,110428502,110419319,2,103
1.01389,36.71528,5C04,Muramur Dam,Rumuruti,No,110427190,110418007,3,103
1.03056,36.81944,5C03,Bawa Springs,Rumuruti,No,110053269,110428502,2,103
1.03194,35.19833,1BC03,Kapterit,Kitale,No,160222922,160229930,2,122
1.0333,34.8458,1BG05,Rongai,Kitale,Yes,160135322,160136490,2,122
1.04028,35.33056,1BB03,Chepkatit,Kitale,Yes,160172697,160183210,2,122
1.04722,35.34722,1BB04,Kamaina,Kitale,Yes,160171529,160172697,2,122
1.05417,36.67861,5C01,Lemisigio Dam,Rumuruti,No,110352403,110427190,2,103
1.05972,35.05278,1BE08,Koitobos,Kitale,Yes,160227593,160228761,4,122
1.07444,35.02778,1BE01,Koitobos,Kitale,Yes,160239272,160240440,4,122
1.07639,34.83333,1BE05,Koitobos,Kitale,Yes,160150504,160173864,2,122
1.08333,35.00972,1BE07,Koitobos,Kitale,No,160236936,160238104,4,122
1.10972,34.81944,1BE04,Khybe,Kitale,Yes,160162183,160206567,2,122
1.12083,34.84028,1BE03,Mbere,Kitale,No,160206567,160207735,2,122
1.14722,34.79167,1BE02,Kiptogot,Kitale,Yes,160120134,160210071,2,122
1.175,36.70778,5C02,Loikas,Rumuruti,No,110345842,110381267,2,103
1.17576,35.59875,2C12,Embobut,Kabarnet,Yes,110340594,110341906,2,103
1.17861,35.17222,2B11,Lounon,Kapenguria,No,160168021,160169189,2,122
1.18119,36.10675,2D01,Suguta,Kabarnet,Yes,110501969,110503281,5,103
1.20769,34.77508,2B02,Kaptega,Kapenguria,Yes,110340593,110433744,2,103
1.21566,34.73307,2B05,River Suam,Kapenguria,Yes,110368145,110433744,2,103
1.2175,35.70944,2C16,Kerio,Kabarnet,Yes,110521649,110524272,5,103
1.22083,34.75833,2B01,Suam,Kapenguria,No,110368145,110433744,2,103
1.22139,35.10972,1BC02,Kapenguria,Kitale,Yes,160117795,160125972,2,122
1.23056,35.125,1BC NEW,Kapenguria,Kitale,Yes,160117795,160125972,2,122
1.26616,35.09214,2B34,Kotorok,Kapenguria,No,110402255,110395694,2,103
1.39306,35.46528,2B08,Weiwei,Kapenguria,Yes,110394380,110492778,3,103
1.40313,35.32979,2B32,Morun,Kapenguria,No,110533451,110563626,4,103
1.42083,35.46806,2B12,Weiwei,Kapenguria,Yes,110394380,110492778,3,103
1.4739,35.489,2B28,Weiwei,Kapenguria,Yes,110492778,110449481,3,103
1.48002,35.03107,2B33,Suam,Kapenguria,No,110482281,110483593,4,103
1.48194,35.00833,2B07,Suam,Kapenguria,Yes,110482281,110483593,4,103
1.5125,35.40556,2B19,Morun,Kapenguria,No,110494089,110513768,4,103
1.5287,35.42889,2B24,Morun,Kapenguria,Yes,110515080,110516392,5,103
1.53194,35.45,2B31,Morun,Kapenguria,Yes,110515080,110516392,5,103
1.53389,35.45139,2B16,Morun,Kapenguria,No,110515080,110516392,5,103
1.53472,35.47222,2B09,Morun,Kapenguria,No,110517704,110542630,5,103
1.77148,35.4966,2B30,Malmalte_Turkwell,Kapenguria,Yes,110605601,110606913,5,103
1.79369,35.05092,2B20,Konyao,Kapenguria,Yes,110571489,110572801,4,103
1.87778,35.45278,2B17,Malmalte,Kapenguria,Yes,110538687,110606910,5,103
1.89444,35.45278,2B26,Malmalte,Kapenguria,Yes,110606910,110665949,5,103
1.91464,36.00628,2C08,Kerio,Lodwar,Yes,110627902,110629214,5,103
1.92917,35.375,2B27,Turkwel,Kapenguria,Yes,110393053,110664637,2,103
1.92917,35.375,2B27A,Turkwel,Kapenguria,Yes,110393053,110664637,2,103
1.94025,35.36155,2B02A,,Kapenguria,No,"
110605598",110662013,2,103
1.94639,35.63556,2C18,Arror,Kabarnet,Yes,110516381,110520316,2,103
2.13582,36.37171,2K12,Oloibortoto,Narok,Yes,110063736,110479640,2,103
2.22111,35.38833,2B22,Turkwel,Lodwar,No,"
110690870",110591157,2,103
3.11528,35.60694,2B03,Turwell,Lodwar,No,110765629,110766941,6,103
3.12917,35.59583,2B10,Kagwallas,Lodwar,No,110748572,110752508,5,103
3.42684,34.81473,2C09,Kamarin,Kabarnet,No,"
110697396",110580628,3,103
3.51583,35.89861,2B14,Lake Turkana,Lodwar,No,110638355,110647538,3,103
3.53889,35.92778,2B25,Lake Turkana,Lodwar,No,110744626,110780049,4,103
3.55528,35.9175,2B06,Lake Turkana,Lodwar,No,110744626,110780049,4,103
4.11333,35.2483,2C03,S.Spring(South),Kabarnet,No,110752481,110766913,3,103
4.27778,35.92361,2B29,Lake Turkana,Lodwar,No,110517630,110734112,2,103
4.36624,34.59795,2C02,S. Spring(North),Kabarnet,No,110566174,110748538,2,103
4.525,35.6,2B04,Lake Turkana,Lodwar,No,110596343,110597655,2,103