time,160221792
2005/02/01,6.15
2005/02/02,6.07
2005/02/03,6.07
2005/02/04,6.15
2005/02/05,6.15
2005/02/06,6.15
2005/02/07,6.15
2005/02/08,6.87
2005/02/09,7.25
2005/02/10,7.44
2005/02/11,8.89
2005/02/12,9.33
2005/02/13,9.78
2005/02/14,9.78
2005/02/15,9.55
2005/02/16,9.11
2005/02/17,9.11
2005/02/18,8.46
2005/02/19,8.46
2005/02/20,8.46
2005/02/21,8.46
2005/02/22,8.46
2005/02/23,8.46
2005/02/24,8.25
2005/02/25,8.25
2005/02/26,8.25
2005/02/27,8.46
2005/02/28,9.11
2005/03/01,10.86
2005/03/02,11.74
2005/03/03,15.71
2005/03/04,42.48
2005/03/05,31.27
2005/03/06,18.99
2005/03/07,68.16
2005/03/08,53.89
2005/03/09,38.87
2005/03/10,11.48
2005/03/11,15.55
2005/03/12,14.21
2005/03/13,10.49
2005/03/14,9.9
2005/03/15,9.33
2005/03/16,9.67
2005/03/17,10.02
2005/03/18,10.86
2005/03/19,12
2005/03/20,18.13
2005/03/21,17.47
2005/03/22,18.13
2005/03/23,18.47
2005/03/24,15.25
2005/03/25,13.49
2005/03/26,11.48
2005/03/27,10.49
2005/03/28,10.02
2005/03/29,9.55
2005/03/30,10.25
2005/03/31,9.55
2005/04/01,9.33
2005/04/02,9.55
2005/04/03,10.02
2005/04/04,10.37
2005/04/05,10.86
2005/04/06,10.13
2005/04/07,9.44
2005/04/08,10.86
2005/04/09,12.53
2005/04/10,17.3
2005/04/11,21.71
2005/04/12,19.87
2005/04/13,14.95
2005/04/14,11.74
2005/04/15,13.49
2005/04/16,60.77
2005/04/17,129.78
2005/04/18,27.84
2005/04/19,30.56
2005/04/20,25.69
2005/04/21,25.69
2005/04/22,22.67
2005/04/23,21.71
2005/04/24,27.84
2005/04/25,38.87
2005/04/26,57.27
2005/04/27,27.84
2005/04/28,30.1
2005/04/29,34.94
2005/04/30,50.64
2005/05/01,59
2005/05/02,40.24
2005/05/03,33.69
2005/05/04,30.1
2005/05/05,50.64
2005/05/06,40.24
2005/05/07,50.64
2005/05/08,132.65
2005/05/09,110.77
2005/05/10,163.51
2005/05/11,98.31
2005/05/12,113.37
2005/05/13,52.25
2005/05/14,31.27
2005/05/15,30.1
2005/05/16,28.51
2005/05/17,29.41
2005/05/18,22.09
2005/05/19,21.15
2005/05/20,22.09
2005/05/21,20.78
2005/05/22,23.45
2005/05/23,20.78
2005/05/24,17.14
2005/05/25,16.18
2005/05/26,19.52
2005/05/27,18.99
2005/05/28,17.63
2005/05/29,16.33
2005/05/30,20.23
2005/05/31,21.71
2005/06/01,18.47
2005/06/02,19.87
2005/06/03,23.65
2005/06/04,20.41
2005/06/05,23.25
2005/06/06,22.86
2005/06/07,20.78
2005/06/08,22.67
2005/06/09,15.71
2005/06/10,19.34
2005/06/11,22.67
2005/06/12,14.5
2005/06/13,16.18
2005/06/14,17.3
2005/06/15,17.63
2005/06/16,16.81
2005/06/17,19.87
2005/06/18,26.11
2005/06/19,21.71
2005/06/20,18.47
2005/06/21,17.3
2005/06/22,18.47
2005/06/23,18.99
2005/06/24,16.97
2005/06/25,12.4
2005/06/26,12.53
2005/06/27,12.8
2005/06/28,12.8
2005/06/29,11.74
2005/06/30,11.23
2005/07/01,11.48
2005/07/02,11.74
2005/07/03,11.74
2005/07/04,13.49
2005/07/05,16.49
2005/07/06,16.33
2005/07/07,14.95
2005/07/08,14.95
2005/07/09,18.13
2005/07/10,23.65
2005/07/11,23.25
2005/07/12,27.84
2005/07/13,44.52
2005/07/14,30.1
2005/07/15,29.64
2005/07/16,26.75
2005/07/17,33.69
2005/07/18,31.03
2005/07/19,29.64
2005/07/20,24.25
2005/07/21,28.51
2005/07/22,22.09
2005/07/23,25.69
2005/07/24,68.16
2005/07/25,36.22
2005/07/26,47.52
2005/07/27,33.19
2005/07/28,53.89
2005/07/29,29.64
2005/07/30,34.94
2005/07/31,27.18
2005/08/01,23.25
2005/08/02,23.65
2005/08/03,25.69
2005/08/04,78.99
2005/08/05,44.52
2005/08/06,44.52
2005/08/07,44.52
2005/08/08,76.09
2005/08/09,44.52
2005/08/10,57.27
2005/08/11,38.87
2005/08/12,30.79
2005/08/13,28.51
2005/08/14,30.56
2005/08/15,27.84
2005/08/16,28.95
2005/08/17,27.4
2005/08/18,29.64
2005/08/19,28.95
2005/08/20,29.64
2005/08/21,30.56
2005/08/22,27.84
2005/08/23,27.84
2005/08/24,72.06
2005/08/25,82.39
2005/08/26,84.56
2005/08/27,72.06
2005/08/28,57.27
2005/08/29,80.25
2005/08/30,64.4
2005/08/31,80.25
2005/09/01,59
2005/09/02,50.64
2005/09/03,34.94
2005/09/04,30.79
2005/09/05,29.64
2005/09/06,27.62
2005/09/07,25.27
2005/09/08,24.66
2005/09/09,24.66
2005/09/10,22.09
2005/09/11,21.15
2005/09/12,20.41
2005/09/13,18.99
2005/09/14,18.47
2005/09/15,17.47
2005/09/16,16.97
2005/09/17,16.02
2005/09/18,16.33
2005/09/19,16.02
2005/09/20,17.14
2005/09/21,14.65
2005/09/22,14.35
2005/09/23,16.65
2005/09/24,17.3
2005/09/25,18.13
2005/09/26,17.63
2005/09/27,18.64
2005/09/28,19.52
2005/09/29,18.47
2005/09/30,15.25
2005/10/01,16.02
2005/10/02,14.5
2005/10/03,15.25
2005/10/04,14.35
2005/10/05,14.8
2005/10/06,15.25
2005/10/07,16.18
2005/10/08,13.63
2005/10/09,12.8
2005/10/10,12.66
2005/10/11,11.74
2005/10/12,11.48
2005/10/13,11.48
2005/10/14,12
2005/10/15,12.4
2005/10/16,12
2005/10/17,12.13
2005/10/18,12.53
2005/10/19,12.66
2005/10/20,11.23
2005/10/21,10.98
2005/10/22,10.86
2005/10/23,10.61
2005/10/24,11.1
2005/10/25,10.86
2005/10/26,10.61
2005/10/27,10.73
2005/10/28,10.37
2005/10/29,10.25
2005/10/30,10.61
2005/10/31,10.25
2005/11/01,10.25
2005/11/02,9.33
2005/11/03,9.78
2005/11/04,9.55
2005/11/05,9.78
2005/11/06,9.55
2005/11/07,9.11
2005/11/08,9.33
2005/11/09,9.67
2005/11/10,9.55
2005/11/11,9.33
2005/11/12,9.78
2005/11/13,10.13
2005/11/14,9.22
2005/11/15,9.11
2005/11/16,9.67
2005/11/17,10.02
2005/11/18,9.33
2005/11/19,9.22
2005/11/20,9.22
2005/11/21,9.44
2005/11/22,8.67
2005/11/23,8.25
2005/11/24,8.04
2005/11/25,7.54
2005/11/26,7.44
2005/11/27,15.25
2005/11/28,8.04
2005/11/29,7.84
2005/11/30,7.64
2005/12/01,7.44
2005/12/02,7.54
2005/12/03,7.84
2005/12/04,7.44
2005/12/05,7.25
2005/12/06,7.06
2005/12/07,7.25
2005/12/08,7.06
2005/12/09,6.87
2005/12/10,7.06
2005/12/11,7.06
2005/12/12,7.06
2005/12/13,7.64
2005/12/14,7.64
2005/12/15,7.64
2005/12/16,7.44
2005/12/17,7.25
2005/12/18,7.84
2005/12/19,6.51
2005/12/20,6.33
2005/12/21,7.15
2005/12/22,7.44
2005/12/23,7.84
2005/12/24,8.25
2005/12/25,9.22
2005/12/26,9
2005/12/27,9.33
2005/12/28,9.67
2005/12/29,14.95
2005/12/30,18.13
2005/12/31,9.44
2006/01/01,8.46
2006/01/02,8.14
2006/01/03,8.46
2006/01/04,8.26
2006/01/05,7.84
2006/01/06,7.64
2006/01/07,7.84
2006/01/08,7.74
2006/01/09,6.97
2006/01/10,6.97
2006/01/11,6.87
2006/01/12,6.07
2006/01/13,5.81
2006/01/14,5.81
2006/01/15,6.15
2006/01/16,6.24
2006/01/17,6.24
2006/01/18,6.15
2006/01/19,6.07
2006/01/20,6.15
2006/01/21,5.9
2006/01/22,5.81
2006/01/23,5.98
2006/01/24,5.98
2006/01/25,6.15
2006/01/26,6.33
2006/01/27,6.07
2006/01/28,7.35
2006/01/29,6.78
2006/01/30,6.24
2006/01/31,6.6
2006/02/01,7.94
2006/02/02,8.14
2006/02/03,8.78
2006/02/04,8.89
2006/02/05,9.33
2006/02/06,9.33
2006/02/07,8.89
2006/02/08,8.04
2006/02/09,8.25
2006/02/10,8.25
2006/02/11,8.42
2006/02/12,8.42
2006/02/13,8.61
2006/02/14,8.81
2006/02/15,9
2006/02/16,9
2006/02/17,8.81
2006/02/18,8.81
2006/02/19,9
2006/02/20,9.2
2006/02/21,9.4
2006/02/22,9.81
2006/02/23,10.23
2006/02/24,11.1
2006/02/25,11.1
2006/02/26,11.32
2006/02/27,11.32
2006/02/28,11.55
2006/03/01,11.55
2006/03/02,11.78
2006/03/03,12.01
2006/03/04,12.49
2006/03/05,12.49
2006/03/06,12.49
2006/03/07,12.97
2006/03/08,12.97
2006/03/09,13.22
2006/03/10,13.47
2006/03/11,13.47
2006/03/12,13.72
2006/03/13,13.22
2006/03/14,14.5
2006/03/15,15.44
2006/03/16,23.43
2006/03/17,34.02
2006/03/18,29.33
2006/03/19,24.15
2006/03/20,46.06
2006/03/21,31.2
2006/03/22,19.26
2006/03/23,19.26
2006/03/24,20.54
2006/03/25,25.62
2006/03/26,17.28
2006/03/27,16.13
2006/03/28,14.5
2006/03/29,28.12
2006/03/30,23.43
2006/03/31,33.8
2006/04/01,30.36
2006/04/02,70.8
2006/04/03,37.71
2006/04/04,39.15
2006/04/05,51.06
2006/04/06,38.42
2006/04/07,28.92
2006/04/08,34.24
2006/04/09,33.14
2006/04/10,61.07
2006/04/11,44.2
2006/04/12,147.49
2006/04/13,34.02
2006/04/14,35.38
2006/04/15,26.95
2006/04/16,25.06
2006/04/17,23.43
2006/04/18,20.38
2006/04/19,28.52
2006/04/20,22.28
2006/04/21,24.66
2006/04/22,28.28
2006/04/23,24.25
2006/04/24,21.52
2006/04/25,22.28
2006/04/26,16.49
2006/04/27,21.71
2006/04/28,20.23
2006/04/29,27.84
2006/04/30,29.18
2006/05/01,30.79
2006/05/02,72.06
2006/05/03,36.22
2006/05/04,20.78
2006/05/05,16.33
2006/05/06,14.65
2006/05/07,14.65
2006/05/08,15.1
2006/05/09,14.06
2006/05/10,13.78
2006/05/11,15.71
2006/05/12,16.49
2006/05/13,16.49
2006/05/14,16.02
2006/05/15,16.65
2006/05/16,15.71
2006/05/17,16.33
2006/05/18,16.02
2006/05/19,14.5
2006/05/20,13.35
2006/05/21,13.07
2006/05/22,12.4
2006/05/23,12.53
2006/05/24,13.21
2006/05/25,12.8
2006/05/26,13.21
2006/05/27,14.21
2006/05/28,13.78
2006/05/29,12.66
2006/05/30,12.53
2006/05/31,16.49
2006/06/01,15.71
2006/06/02,16.81
2006/06/03,16.18
2006/06/04,20.41
2006/06/05,19.69
2006/06/06,16.49
2006/06/07,15.25
2006/06/08,16.49
2006/06/09,14.5
2006/06/10,33.69
2006/06/11,25.69
2006/06/12,22.02
2006/06/13,21.08
2006/06/14,21.26
2006/06/15,18.4
2006/06/16,13.99
2006/06/17,12.73
2006/06/18,12.46
2006/06/19,13.14
2006/06/20,14.43
2006/06/21,13.42
2006/06/22,20.71
2006/06/23,17.23
2006/06/24,15.17
2006/06/25,16.9
2006/06/26,15.33
2006/06/27,15.33
2006/06/28,13.7
2006/06/29,13
2006/06/30,13.85
2006/07/01,16.74
2006/07/02,16.1
2006/07/03,18.57
2006/07/04,19.8
2006/07/05,18.23
2006/07/06,18.92
2006/07/07,15.33
2006/07/08,15.63
2006/07/09,17.11
2006/07/10,17.56
2006/07/11,16.42
2006/07/12,22.6
2006/07/13,21.26
2006/07/14,22.6
2006/07/15,19.8
2006/07/16,26.69
2006/07/17,36.17
2006/07/18,57.27
2006/07/19,36.17
2006/07/20,31.68
2006/07/21,37.48
2006/07/22,33.63
2006/07/23,40.19
2006/07/24,41.59
2006/07/25,36.17
2006/07/26,36.17
2006/07/27,37.48
2006/07/28,36.17
2006/07/29,41.59
2006/07/30,36.17
2006/07/31,33.63
2006/08/01,30.5
2006/08/02,28.67
2006/08/03,27.12
2006/08/04,24.18
2006/08/05,23.58
2006/08/06,34.38
2006/08/07,32.89
2006/08/08,36.17
2006/08/09,25
2006/08/10,22.21
2006/08/11,20.71
2006/08/12,20.16
2006/08/13,22.02
2006/08/14,20.71
2006/08/15,21.83
2006/08/16,22.21
2006/08/17,19.98
2006/08/18,18.23
2006/08/19,18.57
2006/08/20,17.56
2006/08/21,16.1
2006/08/22,16.74
2006/08/23,15.63
2006/08/24,17.23
2006/08/25,18.23
2006/08/26,18.92
2006/08/27,18.92
2006/08/28,23.58
2006/08/29,18.4
2006/08/30,19.8
2006/08/31,21.83
2006/09/01,23.18
2006/09/02,20.71
2006/09/03,22.6
2006/09/04,44.48
2006/09/05,31.21
2006/09/06,20.71
2006/09/07,25
2006/09/08,23.58
2006/09/09,22.6
2006/09/10,15.63
2006/09/11,17.23
2006/09/12,17.56
2006/09/13,17.72
2006/09/14,15.63
2006/09/15,13.28
2006/09/16,13.85
2006/09/17,12.73
2006/09/18,11.93
2006/09/19,11.41
2006/09/20,11.41
2006/09/21,12.32
2006/09/22,12.73
2006/09/23,13.42
2006/09/24,13.14
2006/09/25,12.46
2006/09/26,11.93
2006/09/27,11.16
2006/09/28,11.03
2006/09/29,11.16
2006/09/30,11.28
2006/10/01,9.95
2006/10/02,9.37
2006/10/03,9.49
2006/10/04,9.49
2006/10/05,9.95
2006/10/06,9.95
2006/10/07,10.06
2006/10/08,9.04
2006/10/09,9.95
2006/10/10,18.06
2006/10/11,18.06
2006/10/12,12.73
2006/10/13,10.54
2006/10/14,11.8
2006/10/15,12.46
2006/10/16,11.93
2006/10/17,11.16
2006/10/18,11.8
2006/10/19,10.66
2006/10/20,11.67
2006/10/21,11.54
2006/10/22,13.42
2006/10/23,12.32
2006/10/24,9.95
2006/10/25,8.82
2006/10/26,9.95
2006/10/27,10.79
2006/10/28,18.06
2006/10/29,15.33
2006/10/30,14.87
2006/10/31,17.72
2006/11/01,17.89
2006/11/02,18.06
2006/11/03,26.69
2006/11/04,130.03
2006/11/05,118.9
2006/11/06,173.98
2006/11/07,68.19
2006/11/08,41.59
2006/11/09,59.01
2006/11/10,251.05
2006/11/11,154.18
2006/11/12,55.22
2006/11/13,57.61
2006/11/14,167.22
2006/11/15,188.02
2006/11/16,154.18
2006/11/17,108.37
2006/11/18,89.1
2006/11/19,30.73
2006/11/20,28.44
2006/11/21,25.62
2006/11/22,23.98
2006/11/23,29.35
2006/11/24,25.62
2006/11/25,39.37
2006/11/26,30.73
2006/11/27,30.04
2006/11/28,23.58
2006/11/29,24.79
2006/11/30,27.78
2006/12/01,28.44
2006/12/02,30.97
2006/12/03,31.92
2006/12/04,24.59
2006/12/05,43.02
2006/12/06,30.73
2006/12/07,33.63
2006/12/08,68.19
2006/12/09,154.18
2006/12/10,218.13
2006/12/11,154.18
2006/12/12,151.02
2006/12/13,173.98
2006/12/14,154.18
2006/12/15,53.88
2006/12/16,33.63
2006/12/17,53.88
2006/12/18,37.48
2006/12/19,57.27
2006/12/20,36.17
2006/12/21,27.78
2006/12/22,30.04
2006/12/23,29.8
2006/12/24,29.57
2006/12/25,33.38
2006/12/26,33.14
2006/12/27,32.4
2006/12/28,29.57
2006/12/29,28.44
2006/12/30,30.04
2006/12/31,31.21
2007/01/01,31.21
2007/01/02,28.89
2007/01/03,30.27
2007/01/04,25.62
2007/01/05,23.58
2007/01/06,28.22
2007/01/07,25.21
2007/01/08,27.78
2007/01/09,31.21
2007/01/10,25.62
2007/01/11,18.74
2007/01/12,20.89
2007/01/13,25.62
2007/01/14,28.89
2007/01/15,30.5
2007/01/16,195.29
2007/01/17,108.37
2007/01/18,76.14
2007/01/19,76.14
2007/01/20,32.4
2007/01/21,66.29
2007/01/22,31.92
2007/01/23,30.04
2007/01/24,44.48
2007/01/25,32.4
2007/01/26,22.99
2007/01/27,23.58
2007/01/28,25.21
2007/01/29,20.89
2007/01/30,17.72
2007/01/31,18.92
2007/02/01,17.72
2007/02/02,17.06
2007/02/03,17.06
2007/02/04,16.42
2007/02/05,16.74
2007/02/06,18.57
2007/02/07,19.8
2007/02/08,21.83
2007/02/09,16.1
2007/02/10,24.51
2007/02/11,29.94
2007/02/12,34.69
2007/02/13,33.58
2007/02/14,32.48
2007/02/15,31.84
2007/02/16,30.15
2007/02/17,30.57
2007/02/18,30.99
2007/02/19,33.36
2007/02/20,34.69
2007/02/21,34.02
2007/02/22,34.47
2007/02/23,34.24
2007/02/24,33.36
2007/02/25,33.36
2007/02/26,33.36
2007/02/27,33.58
2007/02/28,34.02
2007/03/01,33.14
2007/03/02,32.05
2007/03/03,31.84
2007/03/04,30.36
2007/03/05,19.42
2007/03/06,18.03
2007/03/07,16.42
2007/03/08,15.03
2007/03/09,14.5
2007/03/10,14.24
2007/03/11,13.85
2007/03/12,13.98
2007/03/13,14.24
2007/03/14,14.5
2007/03/15,14.11
2007/03/16,14.9
2007/03/17,12.97
2007/03/18,12.49
2007/03/19,12.49
2007/03/20,12.49
2007/03/21,12.49
2007/03/22,12.49
2007/03/23,12.97
2007/03/24,12.97
2007/03/25,15.85
2007/03/26,16.13
2007/03/27,21.37
2007/03/28,22.38
2007/03/29,23.79
2007/03/30,28.72
2007/03/31,29.53
2007/04/01,38.91
2007/04/02,38.91
2007/04/03,38.91
2007/04/04,29.13
2007/04/05,28.72
2007/04/06,22.04
2007/04/07,20.7
2007/04/08,19.42
2007/04/09,17.88
2007/04/10,16.13
2007/04/11,15.85
2007/04/12,18.18
2007/04/13,18.18
2007/04/14,17.88
2007/04/15,18.18
2007/04/16,17.88
2007/04/17,21.03
2007/04/18,18.79
2007/04/19,20.7
2007/04/20,19.1
2007/04/21,18.48
2007/04/22,17.88
2007/04/23,16.42
2007/04/24,15.3
2007/04/25,17.58
2007/04/26,38.91
2007/04/27,82.58
2007/04/28,183.58
2007/04/29,84.13
2007/04/30,82.58
2007/05/01,89.7
2007/05/02,34.24
2007/05/03,31.62
2007/05/04,23.79
2007/05/05,23.79
2007/05/06,23.79
2007/05/07,25.62
2007/05/08,26.76
2007/05/09,34.24
2007/05/10,30.78
2007/05/11,30.78
2007/05/12,29.94
2007/05/13,34.24
2007/05/14,61.39
2007/05/15,55.17
2007/05/16,43.94
2007/05/17,38.91
2007/05/18,38.91
2007/05/19,55.17
2007/05/20,38.91
2007/05/21,33.36
2007/05/22,34.24
2007/05/23,33.36
2007/05/24,34.24
2007/05/25,58.23
2007/05/26,52.22
2007/05/27,58.23
2007/05/28,38.91
2007/05/29,34.24
2007/05/30,34.24
2007/05/31,55.17
2007/06/01,29.13
2007/06/02,26.76
2007/06/03,30.78
2007/06/04,31.62
2007/06/05,64.66
2007/06/06,43.94
2007/06/07,34.24
2007/06/08,33.36
2007/06/09,34.24
2007/06/10,34.24
2007/06/11,34.24
2007/06/12,33.8
2007/06/13,33.36
2007/06/14,43.94
2007/06/15,38.91
2007/06/16,55.17
2007/06/17,52.22
2007/06/18,90.52
2007/06/19,68.03
2007/06/20,38.91
2007/06/21,58.23
2007/06/22,58.23
2007/06/23,52.22
2007/06/24,43.94
2007/06/25,43.94
2007/06/26,43.94
2007/06/27,43.94
2007/06/28,34.24
2007/06/29,32.92
2007/06/30,32.92
2007/07/01,33.36
2007/07/02,43.94
2007/07/03,34.24
2007/07/04,34.24
2007/07/05,38.91
2007/07/06,38.91
2007/07/07,43.94
2007/07/08,43.94
2007/07/09,43.94
2007/07/10,43.94
2007/07/11,43.94
2007/07/12,34.24
2007/07/13,43.94
2007/07/14,75.08
2007/07/15,61.39
2007/07/16,61.39
2007/07/17,49.36
2007/07/18,61.39
2007/07/19,55.17
2007/07/20,61.39
2007/07/21,68.03
2007/07/22,78.78
2007/07/23,78.78
2007/07/24,78.78
2007/07/25,75.08
2007/07/26,107.77
2007/07/27,82.58
2007/07/28,68.03
2007/07/29,90.52
2007/07/30,165.22
2007/07/31,82.58
2007/08/01,68.03
2007/08/02,63.99
2007/08/03,75.08
2007/08/04,61.39
2007/08/05,33.36
2007/08/06,61.39
2007/08/07,82.58
2007/08/08,196.48
2007/08/09,183.58
2007/08/10,107.77
2007/08/11,82.58
2007/08/12,68.03
2007/08/13,97.2
2007/08/14,63.99
2007/08/15,58.23
2007/08/16,58.23
2007/08/17,55.17
2007/08/18,55.17
2007/08/19,62.69
2007/08/20,98.91
2007/08/21,64.66
2007/08/22,189.96
2007/08/23,96.35
2007/08/24,96.35
2007/08/25,63.99
2007/08/26,189.96
2007/08/27,132.01
2007/08/28,223.95
2007/08/29,121.95
2007/08/30,107.77
2007/08/31,90.52
2007/09/01,90.52
2007/09/02,64.66
2007/09/03,61.39
2007/09/04,58.23
2007/09/05,52.22
2007/09/06,49.36
2007/09/07,43.94
2007/09/08,43.94
2007/09/09,43.94
2007/09/10,49.36
2007/09/11,41.38
2007/09/12,52.22
2007/09/13,64.66
2007/09/14,49.36
2007/09/15,43.94
2007/09/16,38.91
2007/09/17,38.91
2007/09/18,38.91
2007/09/19,34.24
2007/09/20,38.91
2007/09/21,38.91
2007/09/22,38.91
2007/09/23,38.91
2007/09/24,38.91
2007/09/25,34.24
2007/09/26,30.78
2007/09/27,24.15
2007/09/28,26
2007/09/29,29.94
2007/09/30,27.93
2007/10/01,27.93
2007/10/02,27.93
2007/10/03,27.14
2007/10/04,27.93
2007/10/05,25.25
2007/10/06,23.79
2007/10/07,23.79
2007/10/08,22.38
2007/10/09,21.7
2007/10/10,22.38
2007/10/11,21.7
2007/10/12,21.7
2007/10/13,21.7
2007/10/14,21.7
2007/10/15,21.7
2007/10/16,24.15
2007/10/17,23.08
2007/10/18,22.38
2007/10/19,21.7
2007/10/20,24.15
2007/10/21,24.15
2007/10/22,22.38
2007/10/23,22.38
2007/10/24,21.7
2007/10/25,20.7
2007/10/26,19.73
2007/10/27,19.73
2007/10/28,19.1
2007/10/29,19.73
2007/10/30,19.73
2007/10/31,19.73
2007/11/01,19.1
2007/11/02,18.18
2007/11/03,17.58
2007/11/04,17.58
2007/11/05,14.77
2007/11/06,16.13
2007/11/07,16.13
2007/11/08,12.25
2007/11/09,12.25
2007/11/10,12.49
2007/11/11,11.1
2007/11/12,12.13
2007/11/13,13.47
2007/11/14,12.25
2007/11/15,10.23
2007/11/16,11.1
2007/11/17,11.1
2007/11/18,13.47
2007/11/19,10.66
2007/11/20,11.1
2007/11/21,10.01
2007/11/22,10.44
2007/11/23,9.6
2007/11/24,10.44
2007/11/25,11.78
2007/11/26,11.1
2007/11/27,10.87
2007/11/28,10.87
2007/11/29,10.87
2007/11/30,9.4
2007/12/01,9.6
2007/12/02,9.2
2007/12/03,9.2
2007/12/04,9.4
2007/12/05,10.44
2007/12/06,10.87
2007/12/07,9.6
2007/12/08,9.81
2007/12/09,9
2007/12/10,9
2007/12/11,9
2007/12/12,8.81
2007/12/13,8.61
2007/12/14,8.61
2007/12/15,8.24
2007/12/16,8.24
2007/12/17,8.24
2007/12/18,8.24
2007/12/19,7.87
2007/12/20,7.87
2007/12/21,7.51
2007/12/22,7.51
2007/12/23,7.51
2007/12/24,7.51
2007/12/25,7.51
2007/12/26,7.17
2007/12/27,7.17
2007/12/28,21.03
2007/12/29,16.13
2007/12/30,9
2007/12/31,8.61
2008/01/01,8.24
2008/01/02,8.61
2008/01/03,7.87
2008/01/04,8.24
2008/01/05,10.66
2008/01/06,7.51
2008/01/07,7.17
2008/01/08,8.61
2008/01/09,7.51
2008/01/10,7.51
2008/01/11,7.51
2008/01/12,7.17
2008/01/13,7.17
2008/01/14,7.17
2008/01/15,7.51
2008/01/16,7.17
2008/01/17,7.17
2008/01/18,7.17
2008/01/19,8.61
2008/01/20,9
2008/01/21,8.61
2008/01/22,8.61
2008/01/23,8.61
2008/01/24,8.61
2008/01/25,9
2008/01/26,9
2008/01/27,8.81
2008/01/28,8.42
2008/01/29,7.69
2008/01/30,7.17
2008/01/31,7.17
2008/02/01,7.51
2008/02/02,7.51
2008/02/03,8.61
2008/02/04,5.59
2008/02/05,5.59
2008/02/06,5.59
2008/02/07,5.59
2008/02/08,5.59
2008/02/09,7.17
2008/02/10,5.59
2008/02/11,5.59
2008/02/12,5.59
2008/02/13,5.59
2008/02/14,5.3
2008/02/15,5.01
2008/02/16,5.59
2008/02/17,7.17
2008/02/18,7.51
2008/02/19,7.17
2008/02/20,7.17
2008/02/21,7.17
2008/02/22,7.51
2008/02/23,7.51
2008/02/24,8.61
2008/02/25,8.61
2008/02/26,8.61
2008/02/27,8.61
2008/02/28,9
2008/02/29,9
2008/03/01,9
2008/03/02,21.03
2008/03/03,23.79
2008/03/04,23.79
2008/03/05,26
2008/03/06,29.13
2008/03/07,19.1
2008/03/08,38.91
2008/03/09,38.91
2008/03/10,38.91
2008/03/11,26
2008/03/12,29.94
2008/03/13,26
2008/03/14,13.47
2008/03/15,13.47
2008/03/16,11.1
2008/03/17,11.1
2008/03/18,10.66
2008/03/19,11.1
2008/03/20,9
2008/03/21,9
2008/03/22,9
2008/03/23,9
2008/03/24,9
2008/03/25,9
2008/03/26,12.49
2008/03/27,12.49
2008/03/28,23.08
2008/03/29,22.38
2008/03/30,22.38
2008/03/31,19.1
2008/04/01,16.7
2008/04/02,38.91
2008/04/03,63.99
2008/04/04,38.91
2008/04/05,26
2008/04/06,19.1
2008/04/07,19.1
2008/04/08,16.42
2008/04/09,13.47
2008/04/10,13.47
2008/04/11,13.47
2008/04/12,13.47
2008/04/13,11.1
2008/04/14,12.01
2008/04/15,11.1
2008/04/16,11.1
2008/04/17,10.66
2008/04/18,10.23
2008/04/19,11.1
2008/04/20,10.66
2008/04/21,10.23
2008/04/22,10.66
2008/04/23,10.66
2008/04/24,10.66
2008/04/25,10.66
2008/04/26,11.1
2008/04/27,10.66
2008/04/28,10.66
2008/04/29,10.66
2008/04/30,10.66
2008/05/01,18.48
2008/05/02,12.97
2008/05/03,11.1
2008/05/04,10.66
2008/05/05,10.66
2008/05/06,12.97
2008/05/07,10.66
2008/05/08,10.66
2008/05/09,10.66
2008/05/10,10.66
2008/05/11,12.97
2008/05/12,10.66
2008/05/13,19.1
2008/05/14,26
2008/05/15,29.94
2008/05/16,34.24
2008/05/17,43.94
2008/05/18,21.03
2008/05/19,18.48
2008/05/20,23.08
2008/05/21,29.94
2008/05/22,29.13
2008/05/23,29.94
2008/05/24,30.78
2008/05/25,20.38
2008/05/26,19.1
2008/05/27,18.48
2008/05/28,11.1
2008/05/29,11.1
2008/05/30,12.49
2008/05/31,12.49
2008/06/01,17.28
2008/06/02,17.28
2008/06/03,17.28
2008/06/04,18.48
2008/06/05,18.48
2008/06/06,12.97
2008/06/07,12.97
2008/06/08,11.1
2008/06/09,10.66
2008/06/10,10.66
2008/06/11,10.66
2008/06/12,9
2008/06/13,8.61
2008/06/14,9
2008/06/15,11.56
2008/06/16,11.1
2008/06/17,11.1
2008/06/18,10.66
2008/06/19,10.66
2008/06/20,11.1
2008/06/21,10.87
2008/06/22,10.66
2008/06/23,10.66
2008/06/24,10.66
2008/06/25,10.66
2008/06/26,11.1
2008/06/27,11.1
2008/06/28,11.1
2008/06/29,10.66
2008/06/30,10.66
2008/07/01,11.1
2008/07/02,11.1
2008/07/03,21.03
2008/07/04,22.38
2008/07/05,22.38
2008/07/06,21.7
2008/07/07,20.7
2008/07/08,28.32
2008/07/09,29.94
2008/07/10,43.94
2008/07/11,26.76
2008/07/12,27.53
2008/07/13,32.48
2008/07/14,34.24
2008/07/15,34.24
2008/07/16,33.8
2008/07/17,33.36
2008/07/18,32.92
2008/07/19,33.8
2008/07/20,34.24
2008/07/21,34.24
2008/07/22,32.48
2008/07/23,32.92
2008/07/24,26
2008/07/25,26
2008/07/26,27.53
2008/07/27,32.48
2008/07/28,30.78
2008/07/29,29.94
2008/07/30,29.53
2008/07/31,29.94
2008/08/01,28.72
2008/08/02,29.94
2008/08/03,29.13
2008/08/04,29.94
2008/08/05,29.53
2008/08/06,33.36
2008/08/07,33.36
2008/08/08,32.48
2008/08/09,24.51
2008/08/10,23.43
2008/08/11,23.08
2008/08/12,21.7
2008/08/13,23.79
2008/08/14,23.79
2008/08/15,22.38
2008/08/16,19.1
2008/08/17,19.1
2008/08/18,19.73
2008/08/19,21.03
2008/08/20,20.38
2008/08/21,20.38
2008/08/22,21.03
2008/08/23,19.73
2008/08/24,24.51
2008/08/25,43.94
2008/08/26,43.94
2008/08/27,58.23
2008/08/28,69.4
2008/08/29,87.29
2008/08/30,82.58
2008/08/31,43.94
2008/09/01,38.91
2008/09/02,38.91
2008/09/03,34.24
2008/09/04,33.36
2008/09/05,29.13
2008/09/06,28.32
2008/09/07,28.32
2008/09/08,32.92
2008/09/09,22.38
2008/09/10,21.7
2008/09/11,22.38
2008/09/12,24.88
2008/09/13,24.88
2008/09/14,26
2008/09/15,26
2008/09/16,34.24
2008/09/17,34.24
2008/09/18,24.51
2008/09/19,25.25
2008/09/20,22.38
2008/09/21,19.1
2008/09/22,19.1
2008/09/23,17.88
2008/09/24,17.28
2008/09/25,16.7
2008/09/26,13.72
2008/09/27,15.03
2008/09/28,15.85
2008/09/29,15.3
2008/09/30,15.58
2008/10/01,16.13
2008/10/02,17.58
2008/10/03,21.03
2008/10/04,22.38
2008/10/05,29.13
2008/10/06,31.62
2008/10/07,43.94
2008/10/08,34.24
2008/10/09,32.48
2008/10/10,31.62
2008/10/11,29.94
2008/10/12,29.13
2008/10/13,22.73
2008/10/14,22.38
2008/10/15,21.7
2008/10/16,21.03
2008/10/17,20.38
2008/10/18,33.36
2008/10/19,34.24
2008/10/20,43.94
2008/10/21,49.36
2008/10/22,34.24
2008/10/23,33.36
2008/10/24,31.62
2008/10/25,26
2008/10/26,29.53
2008/10/27,28.32
2008/10/28,28.32
2008/10/29,26.76
2008/10/30,24.51
2008/10/31,22.73
2008/11/01,21.03
2008/11/02,19.42
2008/11/03,19.1
2008/11/04,18.79
2008/11/05,18.48
2008/11/06,16.7
2008/11/07,15.85
2008/11/08,13.72
2008/11/09,14.5
2008/11/10,15.85
2008/11/11,15.3
2008/11/12,13.47
2008/11/13,12.97
2008/11/14,12.73
2008/11/15,12.25
2008/11/16,11.32
2008/11/17,11.1
2008/11/18,10.66
2008/11/19,10.66
2008/11/20,10.66
2008/11/21,10.66
2008/11/22,10.66
2008/11/23,10.23
2008/11/24,9.81
2008/11/25,9.2
2008/11/26,8.81
2008/11/27,8.05
2008/11/28,9
2008/11/29,9
2008/11/30,9
2008/12/01,9
2008/12/02,9
2008/12/03,9
2008/12/04,9
2008/12/05,9
2008/12/06,9
2008/12/07,8.61
2008/12/08,8.61
2008/12/09,8.61
2008/12/10,8.24
2008/12/11,8.24
2008/12/12,8.05
2008/12/13,7.17
2008/12/14,7.17
2008/12/15,7.17
2008/12/16,7.17
2008/12/17,7.17
2008/12/18,7.17
2008/12/19,7.17
2008/12/20,7.17
2008/12/21,7.17
2008/12/22,26
2008/12/23,26
2008/12/24,26
2008/12/25,26
2008/12/26,26
2008/12/27,19.1
2008/12/28,19.1
2008/12/29,19.1
2008/12/30,19.1
2008/12/31,19.1
2009/01/01,19.1
2009/01/02,19.1
2009/01/03,22.38
2009/01/04,26
2009/01/05,14.77
2009/01/06,7.87
2009/01/07,9
2009/01/08,12.01
2009/01/09,21.37
2009/01/10,11.1
2009/01/11,9
2009/01/12,9
2009/01/13,7.17
2009/01/14,7.17
2009/01/15,7.17
2009/01/16,7.17
2009/01/17,13.47
2009/01/18,13.47
2009/01/19,9
2009/01/20,7.17
2009/01/21,8.61
2009/01/22,8.61
2009/01/23,13.22
2009/01/24,19.1
2009/01/25,19.1
2009/01/26,13.47
2009/01/27,13.47
2009/01/28,5.3
2009/01/29,5.3
2009/01/30,5.3
2009/01/31,5.01
2009/02/01,4.83
2009/02/02,4.66
2009/02/03,4.66
2009/02/04,4.66
2009/02/05,4.66
2009/02/06,4.66
2009/02/07,4.66
2009/02/08,4.66
2009/02/09,4.66
2009/02/10,4.66
2009/02/11,9
2009/02/12,8.61
2009/02/13,5.01
2009/02/14,4.66
2009/02/15,4.83
2009/02/16,4.66
2009/02/17,4.49
2009/02/18,4.32
2009/02/19,4.32
2009/02/20,4.32
2009/02/21,4.32
2009/02/22,4.32
2009/02/23,4.32
2009/02/24,4.32
2009/02/25,7.17
2009/02/26,7.17
2009/02/27,5.3
2009/02/28,4.66
2009/03/01,4.32
2009/03/02,4.32
2009/03/03,4.66
2009/03/04,5.01
2009/03/05,4.32
2009/03/06,4.32
2009/03/07,3.42
2009/03/08,3.42
2009/03/09,3.42
2009/03/10,3.7
2009/03/11,4.49
2009/03/12,4.66
2009/03/13,4.66
2009/03/14,13.98
2009/03/15,0.72
2009/03/16,5.3
2009/03/17,5.01
2009/03/18,4.66
2009/03/19,4.66
2009/03/20,4.32
2009/03/21,4.32
2009/03/22,4
2009/03/23,4
2009/03/24,4.32
2009/03/25,19.1
2009/03/26,18.48
2009/03/27,18.18
2009/03/28,13.47
2009/03/29,15.58
2009/03/30,26
2009/03/31,49.36
2009/04/01,38.91
2009/04/02,24.88
2009/04/03,24.15
2009/04/04,21.03
2009/04/05,18.18
2009/04/06,11.78
2009/04/07,11.1
2009/04/08,11.1
2009/04/09,11.1
2009/04/10,10.87
2009/04/11,10.87
2009/04/12,11.1
2009/04/13,11.1
2009/04/14,11.1
2009/04/15,10.66
2009/04/16,10.23
2009/04/17,10.01
2009/04/18,8.81
2009/04/19,8.24
2009/04/20,8.05
2009/04/21,7.69
2009/04/22,7.17
2009/04/23,11.32
2009/04/24,10.87
2009/04/25,10.66
2009/04/26,12.73
2009/04/27,18.79
2009/04/28,17.88
2009/04/29,17.58
2009/04/30,16.42
2009/05/01,17.28
2009/05/02,15.58
2009/05/03,16.13
2009/05/04,16.13
2009/05/05,12.73
2009/05/06,12.49
2009/05/07,11.32
2009/05/08,11.32
2009/05/09,11.78
2009/05/10,12.73
2009/05/11,11.55
2009/05/12,11.1
2009/05/13,11.32
2009/05/14,9
2009/05/15,8.61
2009/05/16,8.24
2009/05/17,9.2
2009/05/18,10.44
2009/05/19,8.61
2009/05/20,7.51
2009/05/21,7.17
2009/05/22,7.17
2009/05/23,7.17
2009/05/24,7.17
2009/05/25,7.17
2009/05/26,7.17
2009/05/27,7.17
2009/05/28,7.17
2009/05/29,7.17
2009/05/30,7.17
2009/05/31,7.17
2009/06/01,7.17
2009/06/02,14.77
2009/06/03,19.1
2009/06/04,11.1
2009/06/05,5.01
2009/06/06,4.83
2009/06/07,5.01
2009/06/08,0
2009/06/09,5.3
2009/06/10,5.3
2009/06/11,0
2009/06/12,5.3
2009/06/13,7.17
2009/06/14,7.17
2009/06/15,7.17
2009/06/16,7.17
2009/06/17,8.05
2009/06/18,9
2009/06/19,8.24
2009/06/20,7.17
2009/06/21,0
2009/06/22,5.3
2009/06/23,13.47
2009/06/24,0
2009/06/25,0
2009/06/26,5.3
2009/06/27,5.16
2009/06/28,0.68
2009/06/29,14.77
2009/06/30,3.28
2009/07/01,5.3
2009/07/02,5.16
2009/07/03,5.01
2009/07/04,5.16
2009/07/05,7.17
2009/07/06,7.17
2009/07/07,7.17
2009/07/08,5.3
2009/07/09,5.3
2009/07/10,5.01
2009/07/11,5.3
2009/07/12,5.01
2009/07/13,5.3
2009/07/14,5.3
2009/07/15,5.01
2009/07/16,5.01
2009/07/17,5.3
2009/07/18,5.16
2009/07/19,5.16
2009/07/20,5.01
2009/07/21,0
2009/07/22,5.3
2009/07/23,5.3
2009/07/24,5.01
2009/07/25,5.3
2009/07/26,5.01
2009/07/27,7.17
2009/07/28,9
2009/07/29,19.1
2009/07/30,17.58
2009/07/31,8.24
2009/08/01,12.49
2009/08/02,12.25
2009/08/03,9
2009/08/04,9
2009/08/05,9
2009/08/06,9
2009/08/07,8.24
2009/08/08,7.34
2009/08/09,7.17
2009/08/10,7.17
2009/08/11,14.77
2009/08/12,8.24
2009/08/13,7.17
2009/08/14,7.17
2009/08/15,7.17
2009/08/16,7.17
2009/08/17,7.17
2009/08/18,7.17
2009/08/19,7.87
2009/08/20,8.05
2009/08/21,8.61
2009/08/22,7.87
2009/08/23,7.17
2009/08/24,7.17
2009/08/25,7.17
2009/08/26,7.17
2009/08/27,19.1
2009/08/28,19.1
2009/08/29,19.1
2009/08/30,19.1
2009/08/31,9
2009/09/01,22.38
2009/09/02,10.44
2009/09/03,23.08
2009/09/04,18.18
2009/09/05,22.04
2009/09/06,19.73
2009/09/07,17.58
2009/09/08,11.78
2009/09/09,10.23
2009/09/10,22.38
2009/09/11,10.23
2009/09/12,8.81
2009/09/13,8.61
2009/09/14,8.61
2009/09/15,8.61
2009/09/16,8.61
2009/09/17,18.18
2009/09/18,11.55
2009/09/19,9.81
2009/09/20,10.44
2009/09/21,12.25
2009/09/22,10.01
2009/09/23,10.44
2009/09/24,8.81
2009/09/25,8.05
2009/09/26,7.51
2009/09/27,9.81
2009/09/28,8.42
2009/09/29,7.17
2009/09/30,7.34
2009/10/01,7.17
2009/10/02,7.17
2009/10/03,15.85
2009/10/04,13.22
2009/10/05,12.97
2009/10/06,19.1
2009/10/07,19.1
2009/10/08,26
2009/10/09,26
2009/10/10,7.17
2009/10/11,9.81
2009/10/12,8.05
2009/10/13,7.34
2009/10/14,7.17
2009/10/15,26
2009/10/16,26
2009/10/17,26
2009/10/18,26
2009/10/19,26
2009/10/20,9.4
2009/10/21,7.17
2009/10/22,26
2009/10/23,22.38
2009/10/24,22.38
2009/10/25,16.13
2009/10/26,16.13
2009/10/27,8.81
2009/10/28,5.3
2009/10/29,14.24
2009/10/30,13.22
2009/10/31,32.05
2009/11/01,16.13
2009/11/02,9.81
2009/11/03,8.42
2009/11/04,7.17
2009/11/05,7.17
2009/11/06,26
2009/11/07,7.17
2009/11/08,22.38
2009/11/09,19.1
2009/11/10,19.1
2009/11/11,7.17
2009/11/12,7.17
2009/11/13,2.66
2009/11/14,0.98
2009/11/15,5.3
2009/11/16,5.3
2009/11/17,5.01
2009/11/18,5.01
2009/11/19,5.16
2009/11/20,5.01
2009/11/21,5.01
2009/11/22,5.01
2009/11/23,17.58
2009/11/24,16.13
2009/11/25,22.38
2009/11/26,7.17
2009/11/27,13.22
2009/11/28,8.81
2009/11/29,7.51
2009/11/30,2.66
2009/12/01,2.66
2009/12/02,2.66
2009/12/03,2.66
2009/12/04,5.3
2009/12/05,5.23
2009/12/06,1.67
2009/12/07,7.17
2009/12/08,14.77
2009/12/09,13.98
2009/12/10,16.99
2009/12/11,33.8
2009/12/12,16.13
2009/12/13,26
2009/12/14,15.85
2009/12/15,17.28
2009/12/16,7.17
2009/12/17,94.66
2009/12/18,7.17
2009/12/19,7.17
2009/12/20,7.17
2009/12/21,29.13
2009/12/22,15.03
2009/12/23,117.1
2009/12/24,49.36
2009/12/25,16.99
2009/12/26,29.13
2009/12/27,23.79
2009/12/28,18.18
2009/12/29,15.85
2009/12/30,14.24
2009/12/31,13.22
2010/01/01,12.25
2010/01/02,11.32
2010/01/03,10.66
2010/01/04,10.23
2010/01/05,10.01
2010/01/06,9.4
2010/01/07,9
2010/01/08,8.81
2010/01/09,8.42
2010/01/10,8.42
2010/01/11,7.87
2010/01/12,7.17
2010/01/13,7.17
2010/01/14,7.17
2010/01/15,7.17
2010/01/16,7.69
2010/01/17,8.24
2010/01/18,11.1
2010/01/19,15.58
2010/01/20,13.47
2010/01/21,9.6
2010/01/22,8.61
2010/01/23,8.05
2010/01/24,7.17
2010/01/25,7.17
2010/01/26,2.66
2010/01/27,7.17
2010/01/28,10.23
2010/01/29,9.81
2010/01/30,9.81
2010/01/31,9
2010/02/01,9.4
2010/02/02,14.5
2010/02/03,11.1
2010/02/04,8.81
2010/02/05,8.81
2010/02/06,16.42
2010/02/07,19.1
2010/02/08,17.88
2010/02/09,23.08
2010/02/10,23.08
2010/02/11,14.77
2010/02/12,7.17
2010/02/13,7.17
2010/02/14,27.93
2010/02/15,14.77
2010/02/16,52.8
2010/02/17,28.72
2010/02/18,25.25
2010/02/19,18.79
2010/02/20,15.85
2010/02/21,13.22
2010/02/22,12.25
2010/02/23,10.87
2010/02/24,10.01
2010/02/25,7.17
2010/02/26,9
2010/02/27,9
2010/02/28,8.61
2010/03/01,8.61
2010/03/02,8.24
2010/03/03,9
2010/03/04,15.85
2010/03/05,13.47
2010/03/06,15.85
2010/03/07,12.97
2010/03/08,13.47
2010/03/09,29.13
2010/03/10,23.08
2010/03/11,30.36
2010/03/12,27.53
2010/03/13,19.73
2010/03/14,23.79
2010/03/15,21.7
2010/03/16,24.15
2010/03/17,19.73
2010/03/18,15.03
2010/03/19,13.22
2010/03/20,13.47
2010/03/21,11.32
2010/03/22,10.23
2010/03/23,9.6
2010/03/24,9.2
2010/03/25,9
2010/03/26,10.66
2010/03/27,15.03
2010/03/28,14.77
2010/03/29,12.49
2010/03/30,15.3
2010/03/31,11.32
2010/04/01,12.25
2010/04/02,15.3
2010/04/03,11.55
2010/04/04,11.1
2010/04/05,15.58
2010/04/06,42.39
2010/04/07,21.03
2010/04/08,23.08
2010/04/09,25.62
2010/04/10,22.73
2010/04/11,24.88
2010/04/12,41.38
2010/04/13,43.42
2010/04/14,57.61
2010/04/15,33.8
2010/04/16,30.78
2010/04/17,27.14
2010/04/18,42.9
2010/04/19,50.49
2010/04/20,47.15
2010/04/21,61.39
2010/04/22,267.79
2010/04/23,219.68
2010/04/24,116.15
2010/04/25,123.92
2010/04/26,151.38
2010/04/27,161.69
2010/04/28,110.52
2010/04/29,105.06
2010/04/30,92.99
2010/05/01,79.53
2010/05/02,75.08
2010/05/03,53.98
2010/05/04,46.06
2010/05/05,62.69
2010/05/06,65.99
2010/05/07,47.69
2010/05/08,38.91
2010/05/09,33.36
2010/05/10,29.53
2010/05/11,28.72
2010/05/12,26.37
2010/05/13,23.08
2010/05/14,24.15
2010/05/15,30.36
2010/05/16,25.25
2010/05/17,20.7
2010/05/18,23.79
2010/05/19,30.78
2010/05/20,37.95
2010/05/21,30.36
2010/05/22,24.88
2010/05/23,25.62
2010/05/24,20.7
2010/05/25,19.42
2010/05/26,28.32
2010/05/27,29.94
2010/05/28,21.37
2010/05/29,26
2010/05/30,26.76
2010/05/31,37.47
2010/06/01,41.88
2010/06/02,27.14
2010/06/03,29.53
2010/06/04,22.04
2010/06/05,20.05
2010/06/06,20.05
2010/06/07,26.76
2010/06/08,20.7
2010/06/09,19.1
2010/06/10,18.18
2010/06/11,23.43
2010/06/12,20.38
2010/06/13,23.79
2010/06/14,26
2010/06/15,37.95
2010/06/16,26.76
2010/06/17,24.51
2010/06/18,21.37
2010/06/19,19.73
2010/06/20,20.38
2010/06/21,23.08
2010/06/22,21.37
2010/06/23,20.38
2010/06/24,25.25
2010/06/25,20.7
2010/06/26,19.42
2010/06/27,24.15
2010/06/28,20.05
2010/06/29,19.42
2010/06/30,19.42
2010/07/01,19.73
2010/07/02,20.7
2010/07/03,22.38
2010/07/04,20.38
2010/07/05,17.88
2010/07/06,19.42
2010/07/07,24.88
2010/07/08,22.04
2010/07/09,27.14
2010/07/10,63.34
2010/07/11,52.8
2010/07/12,34.69
2010/07/13,31.2
2010/07/14,32.05
2010/07/15,27.14
2010/07/16,24.88
2010/07/17,21.37
2010/07/18,19.73
2010/07/19,18.48
2010/07/20,18.48
2010/07/21,18.48
2010/07/22,20.38
2010/07/23,20.05
2010/07/24,23.43
2010/07/25,19.42
2010/07/26,17.28
2010/07/27,23.43
2010/07/28,19.42
2010/07/29,18.48
2010/07/30,29.13
2010/07/31,26.76
2010/08/01,21.03
2010/08/02,19.1
2010/08/03,18.48
2010/08/04,16.42
2010/08/05,15.03
2010/08/06,28.32
2010/08/07,90.52
2010/08/08,43.42
2010/08/09,38.42
2010/08/10,57
2010/08/11,47.15
2010/08/12,46.06
2010/08/13,44.99
2010/08/14,38.42
2010/08/15,38.91
2010/08/16,47.15
2010/08/17,57.61
2010/08/18,70.1
2010/08/19,78.03
2010/08/20,48.25
2010/08/21,46.6
2010/08/22,59.48
2010/08/23,58.86
2010/08/24,57
2010/08/25,56.38
2010/08/26,47.15
2010/08/27,41.88
2010/08/28,42.9
2010/08/29,40.38
2010/08/30,40.38
2010/08/31,56.38
2010/09/01,49.36
2010/09/02,44.99
2010/09/03,41.88
2010/09/04,41.88
2010/09/05,32.48
2010/09/06,36.07
2010/09/07,31.62
2010/09/08,31.2
2010/09/09,27.14
2010/09/10,27.93
2010/09/11,24.88
2010/09/12,24.51
2010/09/13,28.32
2010/09/14,24.51
2010/09/15,23.08
2010/09/16,22.04
2010/09/17,24.88
2010/09/18,23.08
2010/09/19,24.88
2010/09/20,25.25
2010/09/21,30.78
2010/09/22,29.53
2010/09/23,25.62
2010/09/24,27.93
2010/09/25,22.73
2010/09/26,20.05
2010/09/27,24.88
2010/09/28,21.03
2010/09/29,20.38
2010/09/30,36.07
2010/10/01,34.69
2010/10/02,36.07
2010/10/03,40.88
2010/10/04,34.69
2010/10/05,29.13
2010/10/06,25.62
2010/10/07,37
2010/10/08,42.9
2010/10/09,26
2010/10/10,22.73
2010/10/11,20.7
2010/10/12,19.42
2010/10/13,18.48
2010/10/14,18.48
2010/10/15,17.88
2010/10/16,18.18
2010/10/17,16.42
2010/10/18,15.58
2010/10/19,14.77
2010/10/20,15.03
2010/10/21,20.05
2010/10/22,19.42
2010/10/23,16.13
2010/10/24,16.99
2010/10/25,15.03
2010/10/26,13.47
2010/10/27,12.73
2010/10/28,12.01
2010/10/29,11.78
2010/10/30,12.73
2010/10/31,11.55
2010/11/01,10.87
2010/11/02,10.66
2010/11/03,10.23
2010/11/04,10.01
2010/11/05,10.01
2010/11/06,9.6
2010/11/07,9.4
2010/11/08,9.4
2010/11/09,9
2010/11/10,9
2010/11/11,9
2010/11/12,11.32
2010/11/13,11.55
2010/11/14,9.6
2010/11/15,8.81
2010/11/16,8.42
2010/11/17,8.24
2010/11/18,8.81
2010/11/19,9
2010/11/20,10.66
2010/11/21,9.2
2010/11/22,9.4
2010/11/23,8.42
2010/11/24,8.24
2010/11/25,8.24
2010/11/26,8.24
2010/11/27,8.24
2010/11/28,8.24
2010/11/29,8.24
2010/11/30,8.24
2010/12/01,8.05
2010/12/02,8.05
2010/12/03,8.05
2010/12/04,8.05
2010/12/05,8.05
2010/12/06,8.42
2010/12/07,8.42
2010/12/08,8.61
2010/12/09,8.24
2010/12/10,8.24
2010/12/11,8.81
2010/12/12,9.2
2010/12/13,9
2010/12/14,7.17
2010/12/15,26
2010/12/16,26
2010/12/17,19.1
2010/12/18,19.1
2010/12/19,19.1
2010/12/20,13.47
2010/12/21,19.1
2010/12/22,26
2010/12/23,26
2010/12/24,19.1
2010/12/25,26
2010/12/26,7.17
2010/12/27,26
2010/12/28,26
2010/12/29,7.17
2010/12/30,26
2010/12/31,26
2011/01/01,22.38
2011/01/02,19.1
2011/01/03,0
2011/01/04,0
2011/01/05,5.3
2011/01/06,4.66
2011/01/07,4.66
2011/01/08,4.66
2011/01/09,4.32
2011/01/10,4.32
2011/01/11,4.66
2011/01/12,4
2011/01/13,4.32
2011/01/14,9
2011/01/15,5.3
2011/01/16,5.16
2011/01/17,5.01
2011/01/18,4.49
2011/01/19,4.32
2011/01/20,4.32
2011/01/21,4.32
2011/01/22,4.32
2011/01/23,4
2011/01/24,4
2011/01/25,4
2011/01/26,4
2011/01/27,4
2011/01/28,4.32
2011/01/29,4.66
2011/01/30,4.66
2011/01/31,5.3
2011/02/01,5.3
2011/02/02,4
2011/02/03,4
2011/02/04,4.32
2011/02/05,5.3
2011/02/06,5.3
2011/02/07,3.42
2011/02/08,3.7
2011/02/09,3.7
2011/02/10,3.7
2011/02/11,3.15
2011/02/12,2.66
2011/02/13,2.66
2011/02/14,2.66
2011/02/15,2.66
2011/02/16,2.43
2011/02/17,2.66
2011/02/18,2.66
2011/02/19,2.66
2011/02/20,2.66
2011/02/21,2.89
2011/02/22,3.15
2011/02/23,3.15
2011/02/24,3.7
2011/02/25,3.15
2011/02/26,2.77
2011/02/27,3.56
2011/02/28,3.42
2011/03/01,4.16
2011/03/02,7.17
2011/03/03,22.38
2011/03/04,9.81
2011/03/05,0
2011/03/06,5.3
2011/03/07,5.3
2011/03/08,7.17
2011/03/09,0
2011/03/10,5.3
2011/03/11,0
2011/03/12,38.91
2011/03/13,13.98
2011/03/14,11.1
2011/03/15,0
2011/03/16,5.3
2011/03/17,5.3
2011/03/18,5.01
2011/03/19,5.01
2011/03/20,5.01
2011/03/21,4.66
2011/03/22,4
2011/03/23,4
2011/03/24,3.7
2011/03/25,3.7
2011/03/26,3.7
2011/03/27,4
2011/03/28,4.32
2011/03/29,4.32
2011/03/30,4
2011/03/31,3.7
2011/04/01,3.7
2011/04/02,3.7
2011/04/03,3.7
2011/04/04,3.7
2011/04/05,4
2011/04/06,3.85
2011/04/07,3.7
2011/04/08,3.7
2011/04/09,4
2011/04/10,0
2011/04/11,4
2011/04/12,4
2011/04/13,0
2011/04/14,5.3
2011/04/15,0
2011/04/16,19.67
2011/04/17,53.98
2011/04/18,7.17
2011/04/19,50.49
2011/04/20,7.17
2011/04/21,24.15
2011/04/22,7.17
2011/04/23,9.08
2011/04/24,10.66
2011/04/25,10.66
2011/04/26,9
2011/04/27,7.17
2011/04/28,7.17
2011/04/29,0.98
2011/04/30,0.98
2011/05/01,0
2011/05/02,5.3
2011/05/03,5.01
2011/05/04,8.61
2011/05/05,7.51
2011/05/06,7.87
2011/05/07,7.87
2011/05/08,7.51
2011/05/09,7.87
2011/05/10,7.17
2011/05/11,5.3
2011/05/12,5.3
2011/05/13,11.1
2011/05/14,10.66
2011/05/15,7.17
2011/05/16,8.61
2011/05/17,8.24
2011/05/18,7.87
2011/05/19,7.51
2011/05/20,8.42
2011/05/21,9
2011/05/22,8.42
2011/05/23,7.51
2011/05/24,7.17
2011/05/25,26
2011/05/26,24.51
2011/05/27,10.23
2011/05/28,8.81
2011/05/29,10.01
2011/05/30,9
2011/05/31,10.87
2011/06/01,9
2011/06/02,9.81
2011/06/03,10.23
2011/06/04,10.66
2011/06/05,13.22
2011/06/06,10.66
2011/06/07,10.87
2011/06/08,10.66
2011/06/09,11.1
2011/06/10,12.97
2011/06/11,15.85
2011/06/12,17.58
2011/06/13,15.3
2011/06/14,10.87
2011/06/15,15.3
2011/06/16,15.3
2011/06/17,14.24
2011/06/18,13.98
2011/06/19,13.22
2011/06/20,11.1
2011/06/21,10.87
2011/06/22,10.66
2011/06/23,0.01
2011/06/24,1.11
2011/06/25,1.11
2011/06/26,5.3
2011/06/27,0.01
2011/06/28,0.01
2011/06/29,0.01
2011/06/30,0.01
2011/07/01,0.01
2011/07/02,5.3
2011/07/03,5.3
2011/07/04,11.1
2011/07/05,10.66
2011/07/06,13.98
2011/07/07,10.01
2011/07/08,7.87
2011/07/09,7.51
2011/07/10,9
2011/07/11,16.7
2011/07/12,12.25
2011/07/13,12.49
2011/07/14,11.78
2011/07/15,12.73
2011/07/16,13.72
2011/07/17,13.47
2011/07/18,15.85
2011/07/19,16.7
2011/07/20,19.1
2011/07/21,20.38
2011/07/22,23.97
2011/07/23,18.48
2011/07/24,30.78
2011/07/25,13.22
2011/07/26,21.03
2011/07/27,7.17
2011/07/28,24.15
2011/07/29,7.17
2011/07/30,7.17
2011/07/31,7.17
2011/08/01,7.17
2011/08/02,7.17
2011/08/03,15.22
2011/08/04,25.25
2011/08/05,25.25
2011/08/06,7.17
2011/08/07,7.17
2011/08/08,15.85
2011/08/09,7.17
2011/08/10,7.17
2011/08/11,7.17
2011/08/12,107.77
2011/08/13,7.17
2011/08/14,7.17
2011/08/15,7.17
2011/08/16,7.17
2011/08/17,80.28
2011/08/18,182.31
2011/08/19,141.49
2011/08/20,102.4
2011/08/21,195.17
2011/08/22,74.36
2011/08/23,70.1
2011/08/24,38.91
2011/08/25,38.91
2011/08/26,38.91
2011/08/27,38.91
2011/08/28,7.17
2011/08/29,7.17
2011/08/30,7.17
2011/08/31,7.17
2011/09/01,7.17
2011/09/02,7.17
2011/09/03,7.17
2011/09/04,7.17
2011/09/05,7.17
2011/09/06,7.17
2011/09/07,7.17
2011/09/08,33.36
2011/09/09,27.53
2011/09/10,26.76
2011/09/11,19.1
2011/09/12,17.28
2011/09/13,22.04
2011/09/14,21.37
2011/09/15,16.42
2011/09/16,15.85
2011/09/17,18.79
2011/09/18,15.03
2011/09/19,22.04
2011/09/20,19.1
2011/09/21,16.7
2011/09/22,13.22
2011/09/23,12.01
2011/09/24,10.01
2011/09/25,9
2011/09/26,9
2011/09/27,8.61
2011/09/28,8.42
2011/09/29,18.48
2011/09/30,17.88
2011/10/01,16.99
2011/10/02,15.58
2011/10/03,11.78
2011/10/04,9.6
2011/10/05,0.01
2011/10/06,0.01
2011/10/07,11.1
2011/10/08,11.1
2011/10/09,13.47
2011/10/10,165.22
2011/10/11,73.64
2011/10/12,67.34
2011/10/13,7.17
2011/10/14,23.43
2011/10/15,29.13
2011/10/16,33.36
2011/10/17,31.2
2011/10/18,31.62
2011/10/19,7.17
2011/10/20,7.17
2011/10/21,7.17
2011/10/22,7.17
2011/10/23,68.03
2011/10/24,29.94
2011/10/25,7.17
2011/10/26,7.17
2011/10/27,32.92
2011/10/28,32.48
2011/10/29,30.78
2011/10/30,25.25
2011/10/31,17.58
2011/11/01,22.73
2011/11/02,24.51
2011/11/03,23.08
2011/11/04,25.62
2011/11/05,23.79
2011/11/06,23.79
2011/11/07,38.91
2011/11/08,85.7
2011/11/09,82.58
2011/11/10,38.91
2011/11/11,38.91
2011/11/12,142.57
2011/11/13,121.95
2011/11/14,126.92
2011/11/15,117.1
2011/11/16,82.58
2011/11/17,90.52
2011/11/18,81.04
2011/11/19,43.94
2011/11/20,34.24
2011/11/21,34.24
2011/11/22,27.93
2011/11/23,46.6
2011/11/24,43.94
2011/11/25,49.36
2011/11/26,61.39
2011/11/27,34.24
2011/11/28,31.62
2011/11/29,29.94
2011/11/30,46.6
2011/12/01,28.52
2011/12/02,25.25
2011/12/03,28.32
2011/12/04,18.48
2011/12/05,18.48
2011/12/06,18.48
2011/12/07,18.48
2011/12/08,17.88
2011/12/09,18.48
2011/12/10,21.37
2011/12/11,19.1
2011/12/12,15.58
2011/12/13,13.98
2011/12/14,12.73
2011/12/15,12.25
2011/12/16,11.78
2011/12/17,11.1
2011/12/18,10.66
2011/12/19,10.23
2011/12/20,10.23
2011/12/21,9
2011/12/22,9
2011/12/23,9
2011/12/24,9
2011/12/25,9
2011/12/26,9
2011/12/27,9
2011/12/28,8.61
2011/12/29,8.24
2011/12/30,8.24
2011/12/31,7.87
2012/01/01,7.87
2012/01/02,7.17
2012/01/03,7.17
2012/01/04,7.17
2012/01/05,7.17
2012/01/06,7.17
2012/01/07,7.17
2012/01/08,26
2012/01/09,26
2012/01/10,19.1
2012/01/11,19.1
2012/01/12,19.1
2012/01/13,19.1
2012/01/14,13.47
2012/01/15,13.47
2012/01/16,13.47
2012/01/17,5.59
2012/01/18,5.59
2012/01/19,5.59
2012/01/20,5.3
2012/01/21,5.3
2012/01/22,5.02
2012/01/23,5.02
2012/01/24,5.02
2012/01/25,5.02
2012/01/26,4
2012/01/27,3.76
2012/01/28,3.76
2012/01/29,3.65
2012/01/30,5.59
2012/01/31,5.3
2012/02/01,5.3
2012/02/02,5.02
2012/02/03,5.02
2012/02/04,4.75
2012/02/05,4.75
2012/02/06,4.75
2012/02/07,4.24
2012/02/08,4.24
2012/02/09,4.24
2012/02/10,4.24
2012/02/11,4.24
2012/02/12,4.24
2012/02/13,5.3
2012/02/14,5.02
2012/02/15,5.3
2012/02/16,5.59
2012/02/17,5.59
2012/02/18,7.17
2012/02/19,5.44
2012/02/20,5.02
2012/02/21,4.24
2012/02/22,4.24
2012/02/23,4.24
2012/02/24,4.24
2012/02/25,4.24
2012/02/26,4.24
2012/02/27,4
2012/02/28,3.76
2012/02/29,3.76
2012/03/01,3.76
2012/03/02,3.76
2012/03/03,3.54
2012/03/04,3.54
2012/03/05,3.32
2012/03/06,3.32
2012/03/07,3.12
2012/03/08,3.12
2012/03/09,3.12
2012/03/10,3.12
2012/03/11,3.12
2012/03/12,3.12
2012/03/13,3.12
2012/03/14,5.59
2012/03/15,4.24
2012/03/16,4.24
2012/03/17,4.24
2012/03/18,4.24
2012/03/19,4.49
2012/03/20,4.49
2012/03/21,19.1
2012/03/22,4.49
2012/03/23,5.3
2012/03/24,5.3
2012/03/25,4.24
2012/03/26,5.59
2012/03/27,5.59
2012/03/28,5.3
2012/03/29,13.22
2012/03/30,34.24
2012/03/31,43.94
2012/04/01,38.91
2012/04/02,26.76
2012/04/03,20.05
2012/04/04,36.53
2012/04/05,43.94
2012/04/06,32.92
2012/04/07,46.06
2012/04/08,33.8
2012/04/09,33.8
2012/04/10,126.92
2012/04/11,107.77
2012/04/12,34.24
2012/04/13,26
2012/04/14,46.6
2012/04/15,64.66
2012/04/16,96.35
2012/04/17,70.8
2012/04/18,94.66
2012/04/19,164.04
2012/04/20,121.95
2012/04/21,132.01
2012/04/22,107.77
2012/04/23,71.5
2012/04/24,64.66
2012/04/25,78.03
2012/04/26,117.1
2012/04/27,76.55
2012/04/28,63.99
2012/04/29,78.03
2012/04/30,112.38
2012/05/01,71.5
2012/05/02,60.12
2012/05/03,63.99
2012/05/04,51.06
2012/05/05,57.61
2012/05/06,60.75
2012/05/07,58.23
2012/05/08,52.22
2012/05/09,50.78
2012/05/10,46.6
2012/05/11,36.53
2012/05/12,34.24
2012/05/13,33.8
2012/05/14,29.53
2012/05/15,27.53
2012/05/16,26
2012/05/17,26
2012/05/18,22.04
2012/05/19,26
2012/05/20,20.05
2012/05/21,19.42
2012/05/22,17.58
2012/05/23,22.04
2012/05/24,20.05
2012/05/25,17.88
2012/05/26,15.85
2012/05/27,14.24
2012/05/28,13.72
2012/05/29,13.47
2012/05/30,12.97
2012/05/31,16.7
2012/06/01,14.77
2012/06/02,15.03
2012/06/03,16.99
2012/06/04,21.37
2012/06/05,23.43
2012/06/06,20.7
2012/06/07,29.13
2012/06/08,25.62
2012/06/09,21.7
2012/06/10,25.62
2012/06/11,29.53
2012/06/12,26
2012/06/13,33.8
2012/06/14,27.14
2012/06/15,31.62
2012/06/16,26.37
2012/06/17,33.8
2012/06/18,20.38
2012/06/19,24.88
2012/06/20,21.03
2012/06/21,19.42
2012/06/22,18.79
2012/06/23,25.62
2012/06/24,33.8
2012/06/25,34.24
2012/06/26,33.8
2012/06/27,29.53
2012/06/28,25.25
2012/06/29,33.8
2012/06/30,60.75
2012/07/01,110.52
2012/07/02,34.24
2012/07/03,33.36
2012/07/04,33.8
2012/07/05,27.53
2012/07/06,34.24
2012/07/07,33.8
2012/07/08,31.62
2012/07/09,32.05
2012/07/10,26.37
2012/07/11,25.25
2012/07/12,23.79
2012/07/13,24.88
2012/07/14,25.25
2012/07/15,33.8
2012/07/16,29.53
2012/07/17,34.24
2012/07/18,34.24
2012/07/19,34.24
2012/07/20,33.8
2012/07/21,34.24
2012/07/22,48.8
2012/07/23,34.24
2012/07/24,34.24
2012/07/25,34.24
2012/07/26,68.03
2012/07/27,41.38
2012/07/28,34.24
2012/07/29,34.24
2012/07/30,34.24
2012/07/31,34.24
2012/08/01,33.8
2012/08/02,33.8
2012/08/03,31.62
2012/08/04,25.62
2012/08/05,29.53
2012/08/06,23.08
2012/08/07,21.7
2012/08/08,34.24
2012/08/09,34.24
2012/08/10,34.24
2012/08/11,34.24
2012/08/12,34.24
2012/08/13,34.24
2012/08/14,34.24
2012/08/15,32.05
2012/08/16,34.24
2012/08/17,34.24
2012/08/18,67.34
2012/08/19,44.99
2012/08/20,34.24
2012/08/21,46.6
2012/08/22,46.6
2012/08/23,46.6
2012/08/24,34.24
2012/08/25,34.24
2012/08/26,34.24
2012/08/27,34.24
2012/08/28,34.24
2012/08/29,33.8
2012/08/30,31.62
2012/08/31,28.72
2012/09/01,27.14
2012/09/02,25.25
2012/09/03,23.08
2012/09/04,22.04
2012/09/05,20.7
2012/09/06,22.04
2012/09/07,29.94
2012/09/08,89
2012/09/09,30.36
2012/09/10,29.53
2012/09/11,34.24
2012/09/12,25.62
2012/09/13,23.08
2012/09/14,18.18
2012/09/15,16.99
2012/09/16,16.42
2012/09/17,18.18
2012/09/18,13.22
2012/09/19,12.73
2012/09/20,12.25
2012/09/21,12.49
2012/09/22,12.73
2012/09/23,13.22
2012/09/24,12.49
2012/09/25,13.22
2012/09/26,12.73
2012/09/27,13.22
2012/09/28,12.73
2012/09/29,12.25
2012/09/30,10.66
2012/10/01,10.87
2012/10/02,10.23
2012/10/03,9.6
2012/10/04,10.01
2012/10/05,10.87
2012/10/06,10.87
2012/10/07,9.6
2012/10/08,9
2012/10/09,10.87
2012/10/10,13.98
2012/10/11,18.79
2012/10/12,22.38
2012/10/13,24.88
2012/10/14,34.24
2012/10/15,142.57
2012/10/16,78.78
2012/10/17,81.81
2012/10/18,41.38
2012/10/19,52.22
2012/10/20,34.24
2012/10/21,34.24
2012/10/22,34.24
2012/10/23,34.24
2012/10/24,32.92
2012/10/25,26.37
2012/10/26,25.25
2012/10/27,23.43
2012/10/28,20.05
2012/10/29,18.79
2012/10/30,17.88
2012/10/31,17.58
2012/11/01,16.42
2012/11/02,15.3
2012/11/03,14.77
2012/11/04,14.5
2012/11/05,14.24
2012/11/06,12.25
2012/11/07,11.32
2012/11/08,11.1
2012/11/09,11.1
2012/11/10,10.66
2012/11/11,11.55
2012/11/12,12.49
2012/11/13,10.01
2012/11/14,10.44
2012/11/15,12.01
2012/11/16,10.01
2012/11/17,9.81
2012/11/18,10.44
2012/11/19,10.01
2012/11/20,9
2012/11/21,8.61
2012/11/22,8.05
2012/11/23,7.69
2012/11/24,7.17
2012/11/25,7.17
2012/11/26,7.17
2012/11/27,7.17
2012/11/28,7.17
2012/11/29,8.42
2012/11/30,7.34
2012/12/01,7.17
2012/12/02,7.17
2012/12/03,7.17
2012/12/04,6.67
2012/12/05,8.81
2012/12/06,9.6
2012/12/07,23.79
2012/12/08,14.24
2012/12/09,12.25
2012/12/10,25.25
2012/12/11,209.94
2012/12/12,121.95
2012/12/13,103.28
2012/12/14,60.12
2012/12/15,34.24
2012/12/16,68.71
2012/12/17,41.38
2012/12/18,33.8
2012/12/19,25.25
2012/12/20,25.25
2012/12/21,22.73
2012/12/22,33.8
2012/12/23,25.25
2012/12/24,22.04
2012/12/25,18.18
2012/12/26,16.13
2012/12/27,15.03
2012/12/28,13.47
2012/12/29,12.73
2012/12/30,11.78
2012/12/31,11.55
2013/01/01,10.66
2013/01/02,10.87
2013/01/03,10.44
2013/01/04,9.81
2013/01/05,9.6
2013/01/06,9.6
2013/01/07,9
2013/01/08,8.81
2013/01/09,8.61
2013/01/10,8.81
2013/01/11,10.87
2013/01/12,25.62
2013/01/13,20.7
2013/01/14,22.38
2013/01/15,22.73
2013/01/16,17.28
2013/01/17,16.7
2013/01/18,12.97
2013/01/19,10.87
2013/01/20,9
2013/01/21,8.81
2013/01/22,8.61
2013/01/23,8.61
2013/01/24,8.42
2013/01/25,8.24
2013/01/26,8.24
2013/01/27,7.87
2013/01/28,7.87
2013/01/29,7.69
2013/01/30,7.51
2013/01/31,7.51
2013/02/01,7.17
2013/02/02,7
2013/02/03,6.83
2013/02/04,6.83
2013/02/05,6.51
2013/02/06,5.44
2013/02/07,4.88
2013/02/08,4.24
2013/02/09,2.37
2013/02/10,1.81
2013/02/11,2.92
2013/02/12,2.82
2013/02/13,2.72
2013/02/14,4.12
2013/02/15,5.3
2013/02/16,4
2013/02/17,4
2013/02/18,19.42
2013/02/19,10.66
2013/02/20,5.3
2013/02/21,5.3
2013/02/22,5.3
2013/02/23,5.02
2013/02/24,4.88
2013/02/25,4.62
2013/02/26,4.49
2013/02/27,4.24
2013/02/28,4.62
2013/03/01,4.88
2013/03/02,5.3
2013/03/03,9.4
2013/03/04,8.81
2013/03/05,8.61
2013/03/06,5.59
2013/03/07,5.59
2013/03/08,5.3
2013/03/09,7.17
2013/03/10,31.2
2013/03/11,33.8
2013/03/12,24.51
2013/03/13,31.2
2013/03/14,85.7
2013/03/15,112.38
2013/03/16,34.24
2013/03/17,32.05
2013/03/18,30.78
2013/03/19,27.93
2013/03/20,174.86
2013/03/21,171.21
2013/03/22,81.81
2013/03/23,81.04
2013/03/24,82.58
2013/03/25,116.15
2013/03/26,209.94
2013/03/27,199.13
2013/03/28,144.74
2013/03/29,90.52
2013/03/30,70.8
2013/03/31,85.7
2013/04/01,34.24
2013/04/02,46.6
2013/04/03,34.24
2013/04/04,34.24
2013/04/05,81.04
2013/04/06,68.03
2013/04/07,34.24
2013/04/08,34.24
2013/04/09,170
2013/04/10,209.94
2013/04/11,158.21
2013/04/12,103.28
2013/04/13,129.96
2013/04/14,103.28
2013/04/15,176.09
2013/04/16,181.06
2013/04/17,201.8
2013/04/18,209.94
2013/04/19,209.94
2013/04/20,209.94
2013/04/21,209.94
2013/04/22,209.94
2013/04/23,208.57
2013/04/24,189.96
2013/04/25,177.32
2013/04/26,132.01
2013/04/27,90.52
2013/04/28,75.08
2013/04/29,68.03
2013/04/30,41.38
2013/05/01,34.24
2013/05/02,34.24
2013/05/03,34.24
2013/05/04,46.6
2013/05/05,46.6
2013/05/06,33.36
2013/05/07,29.94
2013/05/08,29.13
2013/05/09,26.37
2013/05/10,24.51
2013/05/11,22.04
2013/05/12,22.38
2013/05/13,19.1
2013/05/14,19.1
2013/05/15,18.48
2013/05/16,17.28
2013/05/17,16.13
2013/05/18,18.48
2013/05/19,16.13
2013/05/20,16.13
2013/05/21,16.13
2013/05/22,15.03
2013/05/23,19.1
2013/05/24,16.7
2013/05/25,15.03
2013/05/26,15.85
2013/05/27,15.03
2013/05/28,13.72
2013/05/29,13.47
2013/05/30,13.72
2013/05/31,30.57
2013/06/01,26
2013/06/02,25.25
2013/06/03,25.25
2013/06/04,20.38
2013/06/05,16.7
2013/06/06,14.24
2013/06/07,14.5
2013/06/08,13.47
2013/06/09,12.97
2013/06/10,9.75
2013/06/11,8.119
2013/06/12,8.119
2013/06/13,7.394
2013/06/14,6.724
2013/06/15,6.409
2013/06/16,5.537
2013/06/17,4.531
2013/06/18,3.881
2013/06/19,5.269
2013/06/20,4.766
2013/06/21,3.881
2013/06/22,3.138
2013/06/23,3.493
2013/06/24,3.138
2013/06/25,2.814
2013/06/26,2.519
2013/06/27,2.25
2013/06/28,2.005
2013/06/29,2.005
2013/06/30,2.005
2013/07/01,2.005
2013/07/02,2.005
2013/07/03,2.005
2013/07/04,2.005
2013/07/05,2.005
2013/07/06,2.005
2013/07/07,1.784
2013/07/08,1.784
2013/07/09,1.784
2013/07/10,6.106
2013/07/11,2.814
2013/07/12,2.25
2013/07/13,8.119
2013/07/14,4.531
2013/07/15,11.146
2013/07/16,7.394
2013/07/17,7.053
2013/07/18,39.833
2013/07/19,19.299
2013/07/20,13.845
2013/07/21,9.75
2013/07/22,13.265
2013/07/23,47.572
2013/07/24,41.29
2013/07/25,30.795
2013/07/26,19.299
2013/07/27,13.845
2013/07/28,31.969
2013/07/29,35.72
2013/07/30,23.547
2013/07/31,24.485
2013/08/01,22.64
2013/08/02,173.254
2013/08/03,107.938
2013/08/04,71.443
2013/08/05,62.568
2013/08/06,54.639
2013/08/07,33.181
2013/08/08,62.568
2013/08/09,45.931
2013/08/10,33.181
2013/08/11,31.969
2013/08/12,31.969
2013/08/13,62.568
2013/08/14,56.537
2013/08/15,81.352
2013/08/16,86.724
2013/08/17,45.931
2013/08/18,64.695
2013/08/19,78.772
2013/08/20,56.537
2013/08/21,33.181
2013/08/22,66.882
2013/08/23,56.537
2013/08/24,41.29
2013/08/25,28.556
2013/08/26,26.455
2013/08/27,24.485
2013/08/28,22.64
2013/08/29,17.074
2013/08/30,13.845
2013/08/31,20.092
2013/09/01,33.181
2013/09/02,121.906
2013/09/03,261.941
2013/09/04,145.688
2013/09/05,199.457
2013/09/06,95.34
2013/09/07,248.279
2013/09/08,111.297
2013/09/09,78.772
2013/09/10,92.392
2013/09/11,66.882
2013/09/12,66.882
2013/09/13,64.695
2013/09/14,47.572
2013/09/15,64.695
2013/09/16,30.795
2013/09/17,22.64
2013/09/18,24.485
2013/09/19,58.491
2013/09/20,88.113
2013/09/21,99.911
2013/09/22,64.695
2013/09/23,30.795
2013/09/24,22.64
2013/09/25,19.299
2013/09/26,22.64
2013/09/27,19.299
2013/09/28,16.382
2013/09/29,15.069
2013/09/30,15.069
2013/10/01,10.663
2013/10/02,9.318
2013/10/03,6.409
2013/10/04,7.75
2013/10/05,5.816
2013/10/06,5.269
2013/10/07,5.537
2013/10/08,5.013
2013/10/09,6.106
2013/10/10,5.269
2013/10/11,5.537
2013/10/12,5.013
2013/10/13,5.013
2013/10/14,4.766
2013/10/15,4.088
2013/10/16,3.881
2013/10/17,2.25
2013/10/18,2.972
2013/10/19,6.106
2013/10/20,6.106
2013/10/21,5.013
2013/10/22,4.531
2013/10/23,7.75
2013/10/24,11.146
2013/10/25,13.845
2013/10/26,12.706
2013/10/27,11.647
2013/10/28,12.706
2013/10/29,12.167
2013/10/30,9.318
2013/10/31,7.394
2013/11/01,8.504
2013/11/02,9.318
2013/11/03,13.265
2013/11/04,13.845
2013/11/05,9.318
2013/11/06,4.766
2013/11/07,2.972
2013/11/08,2.519
2013/11/09,2.25
2013/11/10,2.005
2013/11/11,2.125
2013/11/12,2.125
2013/11/13,2.005
2013/11/14,2.125
2013/11/15,2.25
2013/11/16,2.25
2013/11/17,2.125
2013/11/18,0.045
2013/11/19,0.101
2013/11/20,5.013
2013/11/21,5.816
2013/11/22,7.394
2013/11/23,8.903
2013/11/24,8.504
2013/11/25,12.167
2013/11/26,92.392
2013/11/27,86.724
2013/11/28,95.34
2013/11/29,102.586
2013/11/30,75.843
2013/12/01,73.077
2013/12/02,22.64
2013/12/03,15.069
2013/12/04,13.845
2013/12/05,13.845
2013/12/06,15.069
2013/12/07,12.706
2013/12/08,12.706
2013/12/09,13.845
2013/12/10,10.198
2013/12/11,8.903
2013/12/12,6.106
2013/12/13,84.368
2013/12/14,98.453
2013/12/15,119.661
2013/12/16,128.711
2013/12/17,157.75
2013/12/18,177.233
2013/12/19,179.114
2013/12/20,165.921
2013/12/21,144.717
2013/12/22,123.154
2013/12/23,105.228
2013/12/24,92.107
2013/12/25,83.626
2013/12/26,78.07
2013/12/27,74.388
2013/12/28,71.85
2013/12/29,70.144
2013/12/30,69.649
2013/12/31,70.094
