datetime,ensemble_01_m^3/s,ensemble_10_m^3/s,ensemble_11_m^3/s,ensemble_12_m^3/s,ensemble_13_m^3/s,ensemble_14_m^3/s,ensemble_15_m^3/s,ensemble_16_m^3/s,ensemble_17_m^3/s,ensemble_18_m^3/s,ensemble_19_m^3/s,ensemble_02_m^3/s,ensemble_20_m^3/s,ensemble_21_m^3/s,ensemble_22_m^3/s,ensemble_23_m^3/s,ensemble_24_m^3/s,ensemble_25_m^3/s,ensemble_26_m^3/s,ensemble_27_m^3/s,ensemble_28_m^3/s,ensemble_29_m^3/s,ensemble_03_m^3/s,ensemble_30_m^3/s,ensemble_31_m^3/s,ensemble_32_m^3/s,ensemble_33_m^3/s,ensemble_34_m^3/s,ensemble_35_m^3/s,ensemble_36_m^3/s,ensemble_37_m^3/s,ensemble_38_m^3/s,ensemble_39_m^3/s,ensemble_04_m^3/s,ensemble_40_m^3/s,ensemble_41_m^3/s,ensemble_42_m^3/s,ensemble_43_m^3/s,ensemble_44_m^3/s,ensemble_45_m^3/s,ensemble_46_m^3/s,ensemble_47_m^3/s,ensemble_48_m^3/s,ensemble_49_m^3/s,ensemble_05_m^3/s,ensemble_50_m^3/s,ensemble_51_m^3/s,ensemble_52_m^3/s,ensemble_06_m^3/s,ensemble_07_m^3/s,ensemble_08_m^3/s,ensemble_09_m^3/s
2024-02-07 00:00:00+00:00,5092.857,5092.857,5092.857,5092.857,5092.857,5092.857,5092.857,5092.857,5092.857,5092.857,5092.857,5092.857,5092.857,5092.857,5092.857,5092.857,5092.857,5092.857,5092.857,5092.857,5092.857,5092.857,5092.857,5092.857,5092.857,5092.857,5092.857,5092.857,5092.857,5092.857,5092.857,5092.857,5092.857,5092.857,5092.857,5092.857,5092.857,5092.857,5092.857,5092.857,5092.857,5092.857,5092.857,5092.857,5092.857,5092.857,5092.857,5092.857,5092.857,5092.857,5092.857,5092.857
2024-02-07 01:00:00+00:00,,,,,,,,,,,,,,,,,,,,,,,,,,,,,,,,,,,,,,,,,,,,,,,,5095.0586,,,,
2024-02-07 02:00:00+00:00,,,,,,,,,,,,,,,,,,,,,,,,,,,,,,,,,,,,,,,,,,,,,,,,5100.641,,,,
2024-02-07 03:00:00+00:00,5100.518,5100.514,5100.514,5100.5146,5100.514,5100.5205,5100.5117,5100.5146,5100.5396,5100.514,5100.5146,5100.514,5100.5127,5100.514,5100.514,5100.5146,5100.5015,5100.514,5100.519,5100.5166,5100.514,5100.5146,5100.536,5100.521,5100.514,5100.514,5100.518,5100.5977,5100.514,5100.514,5100.5146,5100.514,5100.514,5100.511,5100.515,5100.514,5100.514,5100.522,5100.514,5100.5146,5100.518,5100.616,5100.525,5100.5063,5100.514,5100.5244,5100.514,5105.8438,5100.514,5100.522,5100.514,5100.5146
2024-02-07 04:00:00+00:00,,,,,,,,,,,,,,,,,,,,,,,,,,,,,,,,,,,,,,,,,,,,,,,,5110.692,,,,
2024-02-07 05:00:00+00:00,,,,,,,,,,,,,,,,,,,,,,,,,,,,,,,,,,,,,,,,,,,,,,,,5115.164,,,,
2024-02-07 06:00:00+00:00,5114.991,5115.0293,5115.0303,5115.0273,5115.03,5114.9907,5115.025,5115.025,5114.897,5115.0303,5115.029,5115.029,5114.976,5115.031,5115.03,5115.0273,5115.0015,5115.0303,5115.004,5115.014,5115.0303,5115.0264,5114.8813,5114.9463,5115.03,5115.031,5115.0107,5114.963,5115.029,5115.03,5115.0283,5115.03,5115.0303,5114.982,5115.0225,5115.03,5115.031,5114.9976,5115.0303,5115.027,5115.011,5113.5957,5114.965,5115.0254,5115.03,5114.86,5115.0293,5119.2324,5115.0303,5114.993,5115.0303,5115.028
2024-02-07 07:00:00+00:00,,,,,,,,,,,,,,,,,,,,,,,,,,,,,,,,,,,,,,,,,,,,,,,,5122.883,,,,
2024-02-07 08:00:00+00:00,,,,,,,,,,,,,,,,,,,,,,,,,,,,,,,,,,,,,,,,,,,,,,,,5126.1104,,,,
2024-02-07 09:00:00+00:00,5126.0156,5125.9727,5125.969,5125.9756,5125.9707,5126.072,5125.959,5125.9775,5125.929,5125.969,5125.971,5125.974,5125.98,5125.9688,5125.9756,5125.976,5126.046,5125.982,5125.9604,5125.9985,5125.97,5125.9707,5125.7583,5125.9614,5125.971,5125.9717,5125.964,5126.032,5125.971,5125.981,5125.9746,5125.971,5125.9736,5125.932,5125.982,5125.9707,5125.9688,5125.9106,5125.9697,5125.9805,5125.9624,5125.528,5125.993,5125.9727,5125.9707,5125.9395,5125.971,5128.919,5125.969,5125.9917,5125.978,5125.9736
2024-02-07 10:00:00+00:00,,,,,,,,,,,,,,,,,,,,,,,,,,,,,,,,,,,,,,,,,,,,,,,,5131.3154,,,,
2024-02-07 11:00:00+00:00,,,,,,,,,,,,,,,,,,,,,,,,,,,,,,,,,,,,,,,,,,,,,,,,5133.313,,,,
2024-02-07 12:00:00+00:00,5133.1533,5133.183,5133.1855,5133.187,5133.1836,5133.414,5133.13,5133.194,5133.4224,5133.186,5133.1772,5133.182,5133.3115,5133.185,5133.1626,5133.1826,5133.2754,5133.2163,5133.215,5133.185,5133.1836,5133.188,5133.388,5133.3716,5133.183,5133.185,5133.207,5133.557,5133.187,5133.197,5133.1826,5133.24,5133.1875,5133.3486,5133.1875,5133.1836,5133.182,5133.217,5133.186,5133.199,5133.2026,5135.9463,5133.291,5133.214,5133.1987,5133.476,5133.185,5134.922,5133.1885,5133.155,5133.223,5133.1865
2024-02-07 13:00:00+00:00,,,,,,,,,,,,,,,,,,,,,,,,,,,,,,,,,,,,,,,,,,,,,,,,5136.1504,,,,
2024-02-07 14:00:00+00:00,,,,,,,,,,,,,,,,,,,,,,,,,,,,,,,,,,,,,,,,,,,,,,,,5137.0117,,,,
2024-02-07 15:00:00+00:00,5136.965,5136.889,5136.8896,5136.8916,5136.897,5136.9956,5137.0576,5136.8867,5137.29,5136.932,5136.9126,5136.8857,5137.152,5136.891,5136.887,5136.9043,5136.919,5136.995,5137.1094,5136.8604,5136.888,5136.9004,5137.636,5137.2417,5136.8853,5136.883,5136.9585,5137.4517,5136.886,5136.9043,5136.8774,5136.892,5136.898,5137.245,5136.9043,5136.889,5136.898,5137.038,5136.8984,5136.894,5136.9346,5142.318,5136.9463,5136.9917,5136.916,5137.4263,5136.8906,5137.513,5136.888,5136.922,5136.9507,5136.891
2024-02-07 16:00:00+00:00,,,,,,,,,,,,,,,,,,,,,,,,,,,,,,,,,,,,,,,,,,,,,,,,5137.6616,,,,
2024-02-07 17:00:00+00:00,,,,,,,,,,,,,,,,,,,,,,,,,,,,,,,,,,,,,,,,,,,,,,,,5137.459,,,,
2024-02-07 18:00:00+00:00,5137.642,5137.3447,5137.3423,5137.3423,5137.35,5137.2534,5137.7656,5137.3276,5137.7324,5137.3613,5137.3643,5137.3413,5137.692,5137.3413,5137.381,5137.377,5137.293,5137.429,5137.8506,5137.331,5137.3354,5137.351,5138.582,5137.787,5137.3457,5137.3374,5137.42,5137.971,5137.331,5137.3726,5137.3384,5137.401,5137.3687,5137.8735,5137.331,5137.346,5137.34,5137.537,5137.27,5137.34,5137.3936,5144.299,5137.3604,5137.5044,5137.349,5138.008,5137.3438,5136.915,5137.3384,5137.5635,5137.384,5137.323
2024-02-07 19:00:00+00:00,,,,,,,,,,,,,,,,,,,,,,,,,,,,,,,,,,,,,,,,,,,,,,,,5136.0293,,,,
2024-02-07 20:00:00+00:00,,,,,,,,,,,,,,,,,,,,,,,,,,,,,,,,,,,,,,,,,,,,,,,,5134.803,,,,
2024-02-07 21:00:00+00:00,5135.046,5134.7173,5134.692,5134.682,5134.686,5134.5693,5134.9097,5134.67,5135.11,5134.768,5134.667,5134.7144,5135.044,5134.6904,5134.7563,5134.726,5134.608,5134.842,5135.3193,5134.725,5134.6997,5134.694,5136.2007,5135.1694,5134.7,5134.6943,5134.777,5135.3296,5134.7295,5134.7305,5134.714,5134.9507,5134.732,5135.4165,5134.634,5134.6978,5134.676,5135.033,5134.6914,5134.6655,5134.7466,5142.16,5134.714,5134.9585,5134.732,5135.442,5134.695,5133.2344,5134.6753,5134.96,5134.725,5134.687
2024-02-07 22:00:00+00:00,,,,,,,,,,,,,,,,,,,,,,,,,,,,,,,,,,,,,,,,,,,,,,,,5131.315,,,,
2024-02-07 23:00:00+00:00,,,,,,,,,,,,,,,,,,,,,,,,,,,,,,,,,,,,,,,,,,,,,,,,5129.0366,,,,
2024-02-08 00:00:00+00:00,5129.0728,5128.9614,5128.916,5128.8936,5128.8833,5128.9116,5128.528,5128.8936,5129.3887,5129.1235,5128.8506,5128.934,5129.2505,5128.916,5129.0063,5128.97,5128.9185,5129.2334,5129.7017,5128.959,5128.943,5128.9136,5130.4673,5129.37,5128.9287,5128.9233,5128.9863,5129.5103,5129.005,5128.976,5128.9473,5129.323,5128.962,5129.694,5128.8374,5128.9194,5128.9146,5129.441,5129.089,5128.88,5129.0024,5136.174,5128.9546,5129.2915,5129.013,5129.7476,5128.917,5126.3916,5128.9087,5128.99,5128.96,5128.9375
2024-02-08 01:00:00+00:00,,,,,,,,,,,,,,,,,,,,,,,,,,,,,,,,,,,,,,,,,,,,,,,,5123.373,,,,
2024-02-08 02:00:00+00:00,,,,,,,,,,,,,,,,,,,,,,,,,,,,,,,,,,,,,,,,,,,,,,,,5119.9736,,,,
2024-02-08 03:00:00+00:00,5119.7295,5119.8867,5119.86,5119.8145,5119.797,5120.083,5118.8545,5119.843,5120.4023,5120.135,5119.773,5119.841,5120.181,5119.858,5119.9395,5119.9326,5120.1235,5120.3096,5120.6377,5119.879,5119.882,5119.8467,5121.3545,5120.251,5119.851,5119.86,5119.878,5120.3726,5119.9683,5119.9307,5119.865,5120.3535,5119.9106,5120.5977,5119.8,5119.8447,5119.881,5120.511,5120.1504,5119.8535,5120.0127,5126.4873,5120.0073,5120.3096,5119.9976,5120.71,5119.8335,5116.188,5119.855,5119.6226,5119.901,5119.898
2024-02-08 04:00:00+00:00,,,,,,,,,,,,,,,,,,,,,,,,,,,,,,,,,,,,,,,,,,,,,,,,5112.011,,,,
2024-02-08 05:00:00+00:00,,,,,,,,,,,,,,,,,,,,,,,,,,,,,,,,,,,,,,,,,,,,,,,,5107.441,,,,
2024-02-08 06:00:00+00:00,5107.0903,5107.3457,5107.333,5107.296,5107.27,5107.9185,5106.1484,5107.3306,5107.971,5107.6035,5107.2827,5107.2974,5107.667,5107.3315,5107.3926,5107.419,5108.027,5107.8726,5108.221,5107.352,5107.354,5107.3257,5108.864,5107.686,5107.2935,5107.33,5107.3774,5107.7627,5107.445,5107.4185,5107.3037,5107.8496,5107.4116,5108.032,5107.383,5107.304,5107.3706,5108.127,5107.718,5107.3955,5107.5806,5113.1636,5107.7314,5107.8423,5107.48,5108.143,5107.293,5102.4746,5107.3276,5106.94,5107.372,5107.3867
2024-02-08 07:00:00+00:00,,,,,,,,,,,,,,,,,,,,,,,,,,,,,,,,,,,,,,,,,,,,,,,,5097.113,,,,
2024-02-08 08:00:00+00:00,,,,,,,,,,,,,,,,,,,,,,,,,,,,,,,,,,,,,,,,,,,,,,,,5091.3564,,,,
2024-02-08 09:00:00+00:00,5091.2393,5091.263,5091.2383,5091.2505,5091.222,5092.293,5090.613,5091.275,5092.0117,5091.502,5091.308,5091.223,5091.623,5091.2397,5091.3228,5091.343,5092.4883,5091.8433,5092.312,5091.3306,5091.282,5091.2715,5093.018,5091.5864,5091.1836,5091.257,5091.3545,5091.5864,5091.3403,5091.3696,5091.175,5091.758,5091.3477,5091.9536,5091.445,5091.25,5091.335,5092.216,5091.6665,5091.3833,5091.575,5096.264,5092.002,5091.8076,5091.3965,5091.985,5091.2095,5085.213,5091.254,5091.008,5091.2935,5091.363
2024-02-08 10:00:00+00:00,,,,,,,,,,,,,,,,,,,,,,,,,,,,,,,,,,,,,,,,,,,,,,,,5078.6875,,,,
2024-02-08 11:00:00+00:00,,,,,,,,,,,,,,,,,,,,,,,,,,,,,,,,,,,,,,,,,,,,,,,,5071.7812,,,,
2024-02-08 12:00:00+00:00,5072.2275,5071.691,5071.6245,5071.7104,5071.6885,5073.2095,5072.317,5071.723,5072.54,5072.1924,5071.882,5071.661,5072.0796,5071.6226,5071.768,5071.742,5073.493,5072.304,5072.8125,5071.8823,5071.7046,5071.7295,5073.868,5072.0005,5071.5776,5071.675,5071.8916,5071.9077,5071.732,5071.769,5071.528,5072.16,5071.727,5072.438,5072.038,5071.689,5071.766,5072.939,5072.04,5071.8506,5072.0103,5075.91,5072.789,5072.2427,5071.8423,5072.301,5071.6235,5064.5063,5071.6963,5071.8984,5071.704,5071.836
2024-02-08 13:00:00+00:00,,,,,,,,,,,,,,,,,,,,,,,,,,,,,,,,,,,,,,,,,,,,,,,,5056.869,,,,
2024-02-08 14:00:00+00:00,,,,,,,,,,,,,,,,,,,,,,,,,,,,,,,,,,,,,,,,,,,,,,,,5048.878,,,,
2024-02-08 15:00:00+00:00,5050.137,5048.7944,5048.653,5048.848,5048.822,5050.794,5051.27,5048.828,5049.6904,5049.5723,5049.307,5048.775,5049.1777,5048.659,5048.882,5048.8184,5051.139,5049.4473,5049.857,5049.1636,5048.771,5048.856,5051.523,5049.172,5048.6455,5048.7725,5049.104,5048.924,5048.8555,5048.817,5048.5454,5049.1562,5048.7397,5049.6587,5049.323,5048.751,5049.9995,5048.532,5049.0713,5048.9844,5049.0493,5052.3125,5050.2173,5049.3037,5048.963,5049.272,5048.7227,5040.559,5048.8057,5049.686,5048.7676,5048.92
2024-02-08 16:00:00+00:00,,,,,,,,,,,,,,,,,,,,,,,,,,,,,,,,,,,,,,,,,,,,,,,,5031.894,,,,
2024-02-08 17:00:00+00:00,,,,,,,,,,,,,,,,,,,,,,,,,,,,,,,,,,,,,,,,,,,,,,,,5022.8613,,,,
2024-02-08 18:00:00+00:00,5025.1113,5022.8623,5022.579,5022.8794,5022.8457,5025.202,5027.394,5022.814,5023.7573,5023.767,5023.0513,5022.7417,5023.159,5022.6016,5022.879,5023.001,5026.453,5023.4995,5023.682,5023.381,5022.676,5022.9375,5026.205,5023.273,5022.622,5025.039,5023.0547,5022.82,5022.8306,5022.791,5022.4644,5023.016,5022.2505,5023.6333,5023.4824,5022.7554,5025.1875,5022.358,5022.994,5022.978,5022.9497,5025.74,5025.391,5023.273,5023.0356,5023.143,5022.7764,5013.714,5022.792,5024.4463,5022.7397,5022.9263
2024-02-08 19:00:00+00:00,,,,,,,,,,,,,,,,,,,,,,,,,,,,,,,,,,,,,,,,,,,,,,,,5004.457,,,,
2024-02-08 20:00:00+00:00,,,,,,,,,,,,,,,,,,,,,,,,,,,,,,,,,,,,,,,,,,,,,,,,4994.633,,,,
2024-02-08 21:00:00+00:00,4997.2666,4994.315,4993.704,4994.021,4994.0317,4996.649,5000.616,4993.9526,4995.726,4995.1626,4994.283,4993.5396,4994.373,4993.716,4994.04,4994.11,4996.7686,4994.692,4994.6396,4994.7734,4993.6743,4994.101,4998.1807,4994.533,4993.7905,4983.415,4993.9272,4993.8496,4994.2256,4993.9688,4993.594,4994.065,4995.1978,4994.107,4994.6987,4993.9463,4996.3076,4998.809,4994.023,4994.119,4994.0054,4996.4326,4995.8857,4994.4204,4994.302,4994.1587,4993.938,4984.483,4993.938,4996.35,4993.896,4994.071
2024-02-08 22:00:00+00:00,,,,,,,,,,,,,,,,,,,,,,,,,,,,,,,,,,,,,,,,,,,,,,,,4973.9985,,,,
2024-02-08 23:00:00+00:00,,,,,,,,,,,,,,,,,,,,,,,,,,,,,,,,,,,,,,,,,,,,,,,,4963.2305,,,,
2024-02-09 00:00:00+00:00,4966.8213,4962.121,4962.2417,4962.525,4962.649,4965.4185,4971.1084,4962.534,4965.57,4963.898,4963.681,4960.649,4963.092,4962.27,4962.6655,4963.352,4963.404,4963.274,4963.202,4963.596,4961.733,4962.51,4967.5244,4963.1924,4962.4004,4956.9893,4962.2944,4962.321,4962.27,4962.6,4962.1006,4962.627,4960.602,4965.124,4963.378,4962.591,4964.5024,4971.876,4962.4507,4962.6914,4962.5137,4964.6343,4961.258,4962.9937,4962.93,4962.591,4962.7383,4952.204,4962.542,4965.585,4962.4946,4962.666
2024-02-09 01:00:00+00:00,,,,,,,,,,,,,,,,,,,,,,,,,,,,,,,,,,,,,,,,,,,,,,,,4940.933,,,,
2024-02-09 02:00:00+00:00,,,,,,,,,,,,,,,,,,,,,,,,,,,,,,,,,,,,,,,,,,,,,,,,4929.4243,,,,
2024-02-09 03:00:00+00:00,4933.8994,4928.4365,4928.517,4928.651,4928.947,4931.756,4938.9233,4928.793,4930.543,4930.233,4930.6733,4932.742,4929.322,4928.4673,4929.0264,4929.7563,4931.4824,4929.525,4929.7114,4930.0864,4928.4004,4929.156,4934.4023,4929.509,4928.677,4943.3496,4928.6987,4927.648,4929.0195,4928.901,4928.831,4928.949,4926.0864,4937.1006,4930.1895,4928.9126,4930.699,4940.782,4928.5674,4928.9365,4928.7554,4930.568,4929.065,4929.246,4929.284,4928.7266,4929.1157,4917.6816,4928.8213,4932.364,4928.765,4928.952
2024-02-09 04:00:00+00:00,,,,,,,,,,,,,,,,,,,,,,,,,,,,,,,,,,,,,,,,,,,,,,,,4905.7095,,,,
2024-02-09 05:00:00+00:00,,,,,,,,,,,,,,,,,,,,,,,,,,,,,,,,,,,,,,,,,,,,,,,,4893.5156,,,,
2024-02-09 06:00:00+00:00,4898.757,4892.8906,4892.751,4892.673,4893.173,4896.0093,4904.219,4892.9614,4895.527,4894.623,4894.2075,4902.4614,4893.578,4892.5156,4893.335,4893.9897,4897.1206,4893.6943,4894.531,4894.456,4892.7935,4893.7104,4899.1055,4893.6562,4892.843,4921.2925,4893.364,4892.6763,4893.985,4893.092,4893.504,4893.24,4893.6753,4904.95,4895.467,4893.093,4893.6934,4905.44,4892.6704,4893.1606,4892.9624,4894.4287,4898.404,4893.417,4893.555,4892.809,4893.307,4881.11,4892.9883,4896.89,4892.9023,4893.145
2024-02-09 07:00:00+00:00,,,,,,,,,,,,,,,,,,,,,,,,,,,,,,,,,,,,,,,,,,,,,,,,4868.508,,,,
2024-02-09 08:00:00+00:00,,,,,,,,,,,,,,,,,,,,,,,,,,,,,,,,,,,,,,,,,,,,,,,,4855.705,,,,
2024-02-09 09:00:00+00:00,4861.652,4854.2886,4855.11,4854.8975,4855.458,4858.511,4867.1763,4855.323,4858.196,4857.1553,4855.583,4866.2427,4856.055,4854.6387,4855.7476,4856.335,4859.772,4856.0073,4858.026,4856.9746,4854.6157,4856.0737,4861.829,4855.88,4855.105,4889.8037,4856.423,4855.378,4855.9917,4855.401,4856.269,4855.666,4861.522,4873.354,4858.15,4855.2544,4855.2656,4866.903,4855.0347,4855.618,4855.297,4856.3975,4865.153,4855.709,4855.896,4855.085,4855.514,4842.693,4855.2026,4859.369,4855.083,4855.406
2024-02-09 10:00:00+00:00,,,,,,,,,,,,,,,,,,,,,,,,,,,,,,,,,,,,,,,,,,,,,,,,4829.539,,,,
2024-02-09 11:00:00+00:00,,,,,,,,,,,,,,,,,,,,,,,,,,,,,,,,,,,,,,,,,,,,,,,,4816.849,,,,
2024-02-09 12:00:00+00:00,4822.708,4814.8765,4816.146,4815.552,4815.928,4819.5024,4829.4585,4815.9883,4817.4253,4817.452,4817.134,4825.96,4816.4614,4815.2935,4816.421,4816.274,4821.0254,4816.6094,4820.4253,4817.978,4814.58,4816.74,4822.6567,4816.317,4815.649,4851.158,4819.642,4815.438,4816.0015,4816.0947,4817.2603,4816.3237,4828.234,4837.869,4817.7983,4815.525,4816.341,4826.5776,4815.782,4816.5605,4815.8657,4816.6104,4828.048,4816.267,4817.4175,4815.7183,4818.4326,4804.1733,4815.5254,4819.9937,4815.435,4815.8774
2024-02-09 13:00:00+00:00,,,,,,,,,,,,,,,,,,,,,,,,,,,,,,,,,,,,,,,,,,,,,,,,4790.446,,,,
2024-02-09 14:00:00+00:00,,,,,,,,,,,,,,,,,,,,,,,,,,,,,,,,,,,,,,,,,,,,,,,,4776.8647,,,,
2024-02-09 15:00:00+00:00,4781.9775,4776.6074,4775.476,4774.922,4774.513,4779.089,4787.199,4775.0645,4774.9346,4775.579,4778.1714,4784.315,4774.7686,4774.1978,4775.4478,4773.9146,4783.6074,4775.609,4781.783,4777.354,4773.5713,4775.5625,4781.574,4775.1333,4774.497,4809.941,4780.9453,4773.8877,4776.0576,4775.2573,4776.4604,4775.2983,4791.862,4800.6143,4774.6514,4773.945,4777.0244,4785.171,4774.953,4776.254,4774.736,4775.1216,4787.938,4775.172,4777.143,4774.753,4779.2515,4763.2285,4774.079,4778.8726,4774.042,4774.6074
2024-02-09 16:00:00+00:00,,,,,,,,,,,,,,,,,,,,,,,,,,,,,,,,,,,,,,,,,,,,,,,,4749.1655,,,,
2024-02-09 17:00:00+00:00,,,,,,,,,,,,,,,,,,,,,,,,,,,,,,,,,,,,,,,,,,,,,,,,4734.634,,,,
2024-02-09 18:00:00+00:00,4739.1157,4736.665,4731.5684,4733.019,4731.357,4737.256,4743.8687,4732.5737,4732.233,4732.0747,4743.3574,4742.7837,4731.0176,4730.986,4732.6655,4729.873,4747.0674,4732.923,4741.9424,4734.87,4732.083,4732.348,4738.467,4732.158,4731.615,4765.484,4740.9575,4731.5015,4736.1045,4732.519,4734.0864,4732.547,4751.8926,4766.0796,4730.1353,4730.396,4736.6978,4742.9473,4732.5366,4734.6943,4731.7676,4731.8306,4745.9326,4732.4263,4733.6484,4732.109,4735.582,4719.8706,4730.6846,4735.868,4730.9062,4731.384
2024-02-09 19:00:00+00:00,,,,,,,,,,,,,,,,,,,,,,,,,,,,,,,,,,,,,,,,,,,,,,,,4705.0674,,,,
2024-02-09 20:00:00+00:00,,,,,,,,,,,,,,,,,,,,,,,,,,,,,,,,,,,,,,,,,,,,,,,,4693.0127,,,,
2024-02-09 21:00:00+00:00,4695.006,4698.8267,4687.4316,4689.723,4686.4346,4693.961,4703.264,4688.322,4690.001,4686.7217,4709.902,4701.157,4685.304,4686.0864,4687.9946,4684.7417,4712.8145,4686.6123,4700.6343,4691.6694,4690.196,4688.9546,4693.457,4687.66,4687.1787,4717.463,4699.967,4688.6826,4696.447,4688.2935,4690.5454,4688.193,4712.8936,4732.693,4690.14,4684.7866,4695.2407,4699.5312,4688.403,4691.777,4686.9424,4686.5093,4703.025,4687.9985,4688.3643,4687.689,4691.505,4682.4424,4685.328,4691.121,4685.9453,4686.2446
2024-02-09 22:00:00+00:00,,,,,,,,,,,,,,,,,,,,,,,,,,,,,,,,,,,,,,,,,,,,,,,,4667.2266,,,,
2024-02-09 23:00:00+00:00,,,,,,,,,,,,,,,,,,,,,,,,,,,,,,,,,,,,,,,,,,,,,,,,4653.2437,,,,
2024-02-10 00:00:00+00:00,4651.1885,4670.09,4641.245,4644.8853,4639.733,4649.024,4661.1055,4642.023,4649.523,4638.081,4670.4336,4660.485,4638.436,4639.09,4641.3325,4638.6226,4683.731,4647.4575,4657.5127,4645.876,4647.687,4644.482,4646.735,4641.4136,4640.7593,4664.101,4656.551,4645.1143,4656.859,4642.4263,4646.5635,4642.0273,4673.586,4700.464,4650.2397,4637.0303,4652.4976,4654.7793,4642.371,4647.351,4640.171,4638.945,4669.9214,4641.8145,4640.8716,4641.3984,4646.0693,4636.1177,4638.4683,4644.675,4639.05,4639.166
2024-02-10 01:00:00+00:00,,,,,,,,,,,,,,,,,,,,,,,,,,,,,,,,,,,,,,,,,,,,,,,,4619.1616,,,,
2024-02-10 02:00:00+00:00,,,,,,,,,,,,,,,,,,,,,,,,,,,,,,,,,,,,,,,,,,,,,,,,4602.8843,,,,
2024-02-10 03:00:00+00:00,4599.886,4647.8794,4589.3955,4598.3677,4590.8423,4602.4873,4614.7236,4593.364,4608.7285,4594.259,4626.5522,4621.7246,4589.9766,4589.7944,4592.5444,4591.2393,4651.9517,4619.673,4612.277,4594.376,4604.1543,4597.4053,4594.987,4593.8125,4592.3467,4613.859,4614.302,4600.7593,4615.219,4594.296,4603.96,4593.641,4630.9165,4663.0503,4609.6514,4587.067,4619.3096,4615.0273,4594.436,4601.2036,4591.307,4588.912,4633.8613,4593.7173,4592.004,4593.0103,4602.2227,4586.893,4589.64,4596.122,4590.003,4589.9194
2024-02-10 04:00:00+00:00,,,,,,,,,,,,,,,,,,,,,,,,,,,,,,,,,,,,,,,,,,,,,,,,4570.835,,,,
2024-02-10 05:00:00+00:00,,,,,,,,,,,,,,,,,,,,,,,,,,,,,,,,,,,,,,,,,,,,,,,,4554.4946,,,,
2024-02-10 06:00:00+00:00,4553.91,4622.5723,4541.1846,4550.0386,4539.9946,4553.803,4564.1313,4542.1465,4566.4473,4554.1235,4581.0903,4577.1255,4540.1147,4538.0503,4541.6196,4541.88,4620.758,4578.7607,4564.699,4546.763,4559.2266,4551.728,4548.6978,4544.827,4542.1064,4565.711,4583.856,4555.1465,4570.5977,4543.6543,4560.1216,4543.223,4584.2104,4618.315,4567.028,4534.95,4584.0273,4568.6104,4544.747,4553.328,4540.275,4536.4707,4587.451,4543.519,4542.6406,4542.4297,4559.0415,4537.784,4538.669,4545.211,4538.66,4538.381
2024-02-10 07:00:00+00:00,,,,,,,,,,,,,,,,,,,,,,,,,,,,,,,,,,,,,,,,,,,,,,,,4520.2847,,,,
2024-02-10 08:00:00+00:00,,,,,,,,,,,,,,,,,,,,,,,,,,,,,,,,,,,,,,,,,,,,,,,,4502.7856,,,,
2024-02-10 09:00:00+00:00,4508.705,4588.585,4497.0664,4499.872,4486.6206,4502.8726,4510.6597,4488.3486,4522.6216,4504.84,4535.1084,4529.098,4488.2046,4483.653,4488.317,4490.101,4582.81,4528.1587,4514.6924,4505.7476,4512.7427,4502.9526,4508.227,4492.444,4491.9136,4514.983,4557.9443,4507.92,4522.5635,4490.517,4511.0015,4490.3125,4538.2993,4568.8667,4521.542,4480.1006,4532.298,4516.1606,4493.5615,4503.7207,4487.008,4481.658,4532.364,4491.125,4494.658,4489.6333,4512.046,4485.072,4484.981,4491.9146,4484.9014,4484.4844
2024-02-10 10:00:00+00:00,,,,,,,,,,,,,,,,,,,,,,,,,,,,,,,,,,,,,,,,,,,,,,,,4467.3315,,,,
2024-02-10 11:00:00+00:00,,,,,,,,,,,,,,,,,,,,,,,,,,,,,,,,,,,,,,,,,,,,,,,,4449.745,,,,
2024-02-10 12:00:00+00:00,4469.498,4550.8916,4448.102,4447.737,4430.533,4450.5537,4473.777,4432.0933,4477.3135,4450.6133,4488.9043,4479.4478,4435.927,4427.169,4432.4985,4435.854,4538.7275,4474.0557,4462.313,4460.7905,4464.4175,4457.4204,4468.362,4437.878,4440.9194,4458.2075,4538.005,4459.4053,4470.9395,4435.0864,4461.798,4437.9556,4491.2847,4516.9546,4482.39,4423.135,4481.858,4479.614,4441.1772,4452.53,4431.45,4424.651,4483.9507,4436.5454,4443.5454,4434.5244,4461.1685,4432.617,4429.479,4436.1426,4428.6934,4428.2056
2024-02-10 13:00:00+00:00,,,,,,,,,,,,,,,,,,,,,,,,,,,,,,,,,,,,,,,,,,,,,,,,4415.144,,,,
2024-02-10 14:00:00+00:00,,,,,,,,,,,,,,,,,,,,,,,,,,,,,,,,,,,,,,,,,,,,,,,,4395.405,,,,
2024-02-10 15:00:00+00:00,4412.047,4513.8047,4392.902,4393.6797,4371.051,4396.3735,4439.0254,4373.6665,4430.215,4392.724,4440.972,4428.2935,4382.163,4368.1904,4374.175,4379.296,4503.256,4416.0986,4407.9707,4406.2783,4413.9873,4404.289,4421.307,4381.0093,4385.769,4402.06,4508.304,4408.111,4415.864,4377.3354,4406.498,4383.872,4429.043,4463.548,4435.086,4363.86,4436.0923,4466.973,4386.7397,4399.98,4373.634,4365.796,4439.0825,4379.6606,4389.155,4377.023,4403.7744,4375.239,4371.567,4378.04,4370.059,4369.4937
2024-02-10 16:00:00+00:00,,,,,,,,,,,,,,,,,,,,,,,,,,,,,,,,,,,,,,,,,,,,,,,,4355.21,,,,
2024-02-10 17:00:00+00:00,,,,,,,,,,,,,,,,,,,,,,,,,,,,,,,,,,,,,,,,,,,,,,,,4335.088,,,,
2024-02-10 18:00:00+00:00,4366.277,4473.204,4338.5,4337.5596,4309.8125,4340.2495,4408.742,4313.3843,4380.142,4332.4253,4394.0464,4383.9927,4322.9697,4307.5396,4313.268,4319.3286,4459.521,4352.369,4350.579,4346.3726,4361.0996,4342.9224,4366.2373,4321.305,4332.9517,4352.4927,4459.6133,4355.481,4357.266,4319.4146,4354.1553,4317.2295,4369.16,4409.9854,4416.162,4301.6353,4385.4346,4442.6587,4336.405,4346.454,4313.416,4306.4688,4384.496,4320.2773,4340.567,4317.0757,4350.2275,4315.989,4306.7935,4317.456,4309.0933,4308.134
2024-02-10 21:00:00+00:00,4332.7495,4422.8438,4278.7524,4279.6123,4247.557,4283.1245,4377.229,4251.6587,4326.9614,4269.9404,4344.2603,4341.6265,4264.114,4245.087,4249.7163,4256.865,4415.94,4285.6733,4289.9146,4287.0015,4305.596,4294.365,4304.87,4259.478,4270.8623,4309.204,4400.465,4301.8345,4294.2144,4257.939,4311.5986,4257.635,4317.8745,4350.702,4412.3555,4236.4155,4327.6323,4372.855,4284.3667,4291.9175,4250.6924,4247.9805,4320.7437,4258.2227,4283.5767,4254.6895,4297.9023,4286.6553,4243.8486,4251.0176,4245.792,4244.2246
2024-02-11 00:00:00+00:00,4296.733,4362.823,4213.261,4219.726,4186.306,4225.6577,4327.3633,4188.9487,4269.55,4206.128,4289.475,4290.931,4206.45,4180.648,4183.66,4192.965,4370.9097,4218.308,4229.3843,4227.343,4247.374,4249.3716,4239.364,4196.745,4209.7183,4266.5454,4332.971,4247.8823,4229.8247,4197.856,4265.356,4202.7407,4267.0024,4290.153,4394.0396,4168.7603,4264.287,4320.9404,4223.507,4237.0386,4185.624,4188.2397,4251.122,4193.5967,4233.305,4190.107,4247.421,4224.2563,4182.196,4187.512,4180.702,4177.721
2024-02-11 03:00:00+00:00,4246.6445,4298.1504,4146.1406,4158.514,4123.327,4169.3823,4260.846,4125.7954,4208.614,4139.874,4228.553,4238.8174,4147.7676,4115.0386,4115.3145,4128.7515,4320.14,4153.282,4167.005,4165.6987,4186.3457,4198.464,4171.5254,4134.488,4149.0464,4216.443,4261.575,4189.8296,4164.505,4137.4116,4223.709,4141.4595,4217.2046,4229.387,4350.872,4098.505,4198.716,4274.922,4160.812,4185.0156,4118.292,4129.142,4179.749,4126.166,4197.6694,4123.548,4189.804,4161.424,4119.6855,4124.586,4114.0366,4108.7437
2024-02-11 06:00:00+00:00,4185.734,4233.9297,4078.9263,4095.9878,4053.9673,4109.578,4185.043,4062.3296,4143.39,4070.543,4164.112,4185.535,4086.6433,4048.3496,4044.9568,4064.7312,4264.4097,4091.841,4105.027,4101.9697,4122.816,4139.303,4102.492,4072.964,4086.6401,4159.566,4191.869,4130.083,4096.5,4073.876,4182.2393,4075.601,4165.648,4166.7383,4287.8696,4025.495,4132.687,4221.3174,4097.295,4130.9272,4048.9521,4068.0935,4108.5425,4056.5554,4154.5737,4055.4172,4124.2676,4095.066,4054.7532,4057.557,4045.803,4037.4907
2024-02-11 09:00:00+00:00,4124.484,4173.175,4011.572,4032.0015,3980.5706,4048.5122,4105.967,3998.5557,4073.2263,3998.7683,4096.5884,4131.413,4025.1787,3981.1055,3972.833,4000.557,4205.603,4029.9736,4043.948,4035.983,4056.8079,4076.25,4032.389,4011.1655,4021.6196,4100.6953,4127.915,4072.581,4024.7708,4007.7266,4134.395,4004.9355,4111.898,4102.3213,4214.706,3950.0842,4067.3738,4159.505,4034.124,4074.8906,3978.123,4005.5327,4037.306,3985.2256,4097.073,3986.117,4053.6123,4026.0234,3986.8064,3986.0676,3976.287,3964.1975
2024-02-11 12:00:00+00:00,4061.5566,4116.4375,3944.032,3966.6135,3906.125,3986.3381,4026.665,3934.1658,3998.845,3925.343,4027.403,4075.883,3963.9143,3913.941,3899.326,3936.0012,4146.79,3967.9521,3992.7107,3968.7207,3988.7358,4013.386,3961.3374,3948.4226,3955.1777,4042.6719,4079.5159,4020.1887,3950.3123,3939.5483,4081.337,3929.6887,4056.814,4034.9595,4140.1133,3872.959,4003.279,4088.4062,3992.2122,4019.0283,3906.0515,3944.3232,3965.714,3912.1428,4026.9749,3915.7905,3980.1423,3954.51,3915.9856,3910.79,3905.8206,3889.1833
2024-02-11 15:00:00+00:00,3998.929,4062.517,3875.9558,3899.987,3832.4675,3923.975,3947.7046,3869.1914,3921.2537,3850.7378,3957.3076,4018.2205,3902.3794,3852.9446,3824.6746,3870.7056,4089.8503,3907.709,3946.5815,3900.6191,3918.875,3956.5015,3890.5386,3884.4739,3888.6047,3986.6555,4045.982,3973.8262,3874.8948,3871.1128,4025.2202,3852.0405,4001.0903,3965.6328,4069.2524,3797.2068,3940.45,4019.3208,3949.636,3964.838,3833.0964,3882.795,3893.5305,3837.615,3948.9026,3844.7417,3905.047,3879.9282,3842.6548,3832.9119,3834.778,3812.8489
2024-02-11 18:00:00+00:00,3971.2764,4010.7053,3806.833,3832.1936,3760.9597,3866.3423,3863.4805,3803.8809,3841.3735,3775.1218,3890.146,3958.022,3840.5312,3791.6582,3749.1162,3804.2178,4034.5835,3850.9004,3894.806,3830.3372,3847.7434,3896.0654,3816.092,3819.3098,3822.1145,3932.245,4029.6724,3932.683,3799.762,3803.6924,3969.8276,3773.7053,3945.1946,3895.7446,4004.2117,3718.7256,3878.5789,3952.4177,3893.3625,3912.648,3759.6943,3819.1147,3820.6604,3762.1545,3867.3545,3773.2573,3828.9482,3806.4624,3767.34,3753.2532,3763.4128,3735.731
2024-02-11 21:00:00+00:00,3938.1533,3959.2727,3735.856,3763.3728,3692.4883,3809.8796,3790.9768,3738.1792,3759.833,3698.8235,3821.8706,3895.2334,3777.741,3726.9468,3673.1628,3736.3206,3981.7234,3798.796,3837.4626,3757.722,3775.964,3845.5215,3738.0352,3753.134,3755.8315,3879.962,4017.8442,3895.5234,3725.437,3737.6682,3913.7654,3695.7847,3884.553,3824.831,3944.8584,3646.0312,3824.7393,3884.8113,3839.5408,3861.8188,3686.287,3759.0625,3746.239,3686.4028,3785.4058,3701.6787,3757.8801,3738.533,3689.85,3675.1611,3691.957,3658.1555
2024-02-12 00:00:00+00:00,3909.5813,3906.378,3664.471,3693.7168,3627.1475,3754.928,3723.3862,3672.0376,3682.097,3622.0417,3752.6555,3829.9224,3714.4812,3666.6917,3597.2048,3667.2578,3928.1958,3738.4521,3775.6233,3695.4448,3704.1248,3800.3127,3658.3252,3686.2986,3689.4563,3826.0225,3992.9917,3859.8958,3653.7446,3672.7637,3856.4688,3618.9475,3827.8645,3757.3784,3887.7344,3573.8477,3792.349,3816.5327,3780.3528,3811.356,3613.3816,3702.6172,3673.4734,3611.1243,3704.378,3630.404,3690.842,3668.9624,3610.4421,3600.4658,3620.6797,3580.4377
2024-02-12 03:00:00+00:00,3891.079,3852.6123,3592.8152,3623.5703,3565.0881,3700.9514,3650.8557,3605.539,3592.027,3545.1313,3684.6826,3763.5142,3651.1755,3605.2405,3521.6624,3597.4639,3875.9124,3696.5366,3707.7656,3638.8208,3632.7664,3748.3706,3578.8062,3619.5566,3622.5051,3767.1604,3952.3757,3823.9797,3581.6194,3608.2678,3794.1196,3543.5188,3781.199,3691.409,3830.2302,3497.2642,3762.2583,3748.3835,3714.5276,3760.311,3540.9304,3646.72,3602.7588,3536.75,3624.931,3559.864,3622.256,3602.1785,3530.906,3527.3376,3549.8274,3503.0056
2024-02-12 06:00:00+00:00,3856.0586,3796.5513,3520.4075,3553.438,3505.6116,3644.9724,3573.2642,3538.596,3525.9402,3468.8042,3615.9963,3695.8557,3587.769,3540.1018,3446.9966,3527.203,3825.0564,3663.278,3638.3943,3579.4185,3562.2615,3689.3342,3500.5286,3554.076,3554.8037,3707.1687,3901.7869,3787.373,3511.0369,3543.4846,3721.3958,3469.6687,3731.4348,3626.1204,3770.2905,3417.3762,3722.7163,3681.2742,3645.9854,3708.0518,3470.4612,3588.5874,3531.7483,3463.7085,3547.2952,3490.5554,3551.6218,3534.1733,3451.3884,3456.5266,3478.9944,3426.4407
2024-02-12 09:00:00+00:00,3805.871,3738.8347,3448.8833,3483.976,3447.449,3587.6443,3492.764,3471.144,3473.4475,3393.4517,3547.7056,3627.3599,3524.0088,3472.6963,3373.6985,3456.9714,3773.5032,3622.397,3567.3032,3515.0784,3493.0645,3626.2507,3423.7583,3491.2053,3486.424,3644.1533,3848.6692,3750.5002,3443.7947,3477.982,3677.5469,3397.3145,3676.5967,3563.5935,3708.8416,3336.6545,3675.5457,3615.8713,3579.6301,3654.1702,3401.3406,3528.5913,3461.3835,3392.353,3471.6936,3422.8647,3480.4062,3464.6924,3372.539,3387.243,3409.5298,3351.323
2024-02-12 12:00:00+00:00,3751.6934,3680.4258,3377.5447,3415.6746,3390.9475,3528.31,3411.535,3403.3865,3412.3704,3319.7556,3482.033,3558.8135,3460.75,3405.3372,3302.1726,3387.2825,3720.8499,3575.3245,3496.9705,3447.804,3425.468,3562.0051,3348.548,3432.1484,3417.6677,3576.9863,3798.5684,3713.8435,3377.6306,3411.5833,3640.042,3326.3638,3619.5146,3503.9023,3648.0396,3257.686,3626.9749,3552.5232,3518.5337,3598.644,3333.6697,3468.254,3393.4312,3322.869,3398.8762,3357.0728,3410.052,3394.8486,3295.3572,3318.5603,3341.6553,3278.0876
2024-02-12 15:00:00+00:00,3699.3943,3621.677,3307.5068,3349.1643,3336.6782,3466.895,3333.168,3335.5942,3343.047,3246.8955,3416.9934,3490.7437,3399.1335,3339.333,3232.7063,3318.5713,3670.4846,3522.6633,3433.252,3379.8584,3359.5806,3500.0525,3274.98,3377.8062,3349.2925,3507.2278,3753.1274,3677.422,3311.5981,3344.662,3589.1133,3256.6052,3561.6338,3447.6606,3589.2024,3179.4507,3581.707,3491.3137,3463.3464,3541.452,3267.9004,3408.5916,3328.8494,3255.4832,3329.4907,3293.4312,3341.5046,3326.2095,3220.4897,3250.434,3274.687,3207.1077
2024-02-12 18:00:00+00:00,3648.4973,3563.7532,3240.642,3284.9614,3285.0215,3404.8508,3256.0781,3267.5857,3271.4302,3181.4385,3355.7976,3424.0054,3340.0903,3277.6365,3165.4749,3250.966,3626.2063,3466.4116,3377.0598,3312.5774,3295.591,3439.3687,3203.018,3328.788,3281.1597,3436.9722,3712.225,3640.7976,3246.2595,3277.5977,3528.3594,3187.903,3503.4934,3397.4421,3532.533,3104.1777,3542.5132,3432.1604,3413.0933,3482.5962,3204.1814,3349.7449,3267.7534,3190.264,3263.706,3231.956,3275.0068,3260.0933,3148.2048,3183.6162,3208.711,3138.624
2024-02-12 21:00:00+00:00,3615.429,3505.251,3178.0056,3223.2996,3235.6272,3343.5774,3183.5542,3200.3408,3202.5293,3116.8315,3299.2148,3358.9216,3284.056,3214.3838,3100.4539,3184.5754,3590.0486,3409.0168,3326.0872,3246.6665,3233.6062,3377.6362,3132.8577,3285.3357,3211.9216,3367.8945,3672.2656,3603.8496,3182.4817,3210.7058,3462.3281,3119.997,3446.496,3354.4639,3477.7969,3033.8313,3502.3296,3373.7485,3366.201,3422.2903,3142.5127,3291.9475,3209.8562,3127.1824,3201.5833,3172.5366,3210.5718,3198.0977,3078.366,3118.907,3144.0947,3072.915
2024-02-13 00:00:00+00:00,3590.763,3449.6406,3119.5432,3164.6484,3187.814,3283.5286,3104.061,3134.0522,3139.0605,3057.6453,3245.7087,3295.9165,3231.0083,3154.8042,3037.5286,3119.5527,3562.4336,3351.9602,3276.2913,3182.5574,3173.7268,3317.546,3064.4834,3247.4736,3146.1313,3300.8625,3632.208,3565.9844,3121.017,3144.325,3395.2908,3053.93,3392.257,3316.8418,3424.6992,2966.2131,3471.0564,3320.4639,3321.3499,3360.7717,3082.8562,3235.1013,3154.8625,3066.4287,3143.1108,3115.059,3148.457,3139.8699,3010.6794,3056.6716,3081.0903,3010.0615
2024-02-13 06:00:00+00:00,3563.899,3398.16,3067.7188,3112.0999,3143.117,3226.9521,3038.8345,3071.032,3085.3381,3008.7966,3190.9053,3238.2893,3183.2712,3100.2517,2979.4304,3058.946,3544.3938,3298.0493,3226.3257,3123.5955,3118.611,3262.2114,3001.007,3217.0793,3089.4263,3239.1865,3595.7441,3528.0586,3066.6113,3081.6907,3332.756,2992.3503,3344.9026,3284.4546,3375.827,2902.9485,3447.095,3273.2744,3280.58,3300.8748,3027.8572,3180.4365,3105.508,3010.6338,3091.5828,3061.9578,3091.1855,3087.0996,2948.3477,2999.7202,3022.782,2952.8025
2024-02-13 12:00:00+00:00,3496.2664,3292.1707,2967.484,3011.4775,3051.6504,3109.911,2917.6055,2940.7786,2989.6238,2908.7217,3087.5571,3126.0146,3090.8806,2984.5398,2863.5066,2937.2632,3520.5088,3186.6702,3121.7068,3007.9277,3008.8152,3154.8855,2873.4204,3166.4841,2976.7551,3117.4172,3520.3928,3445.143,2959.2737,2954.4614,3208.9824,2866.2148,3259.3096,3222.1172,3280.3367,2774.7053,3386.388,3175.965,3201.8447,3175.5115,2918.146,3065.496,3010.2534,2900.098,2997.287,2955.2239,2977.7285,2982.59,2825.0706,2887.5337,2906.4275,2841.8352
2024-02-13 18:00:00+00:00,3418.6182,3205.8125,2878.9382,2925.016,2963.2556,2994.7488,2795.2275,2813.5747,2903.278,2822.3843,3000.2207,3027.997,3009.1387,2870.9688,2756.6018,2824.0352,3504.6653,3077.0334,3025.103,2905.2747,2907.1787,3059.554,2753.6238,3132.6877,2872.4563,3009.0952,3460.148,3359.193,2859.9788,2834.9539,3103.2344,2744.6318,3194.872,3156.7402,3198.4475,2654.1707,3320.7778,3089.849,3137.3423,3053.1394,2816.2803,2950.1726,2926.2178,2799.2188,2928.9644,2854.638,2875.9497,2888.9944,2714.6875,2787.3953,2798.8308,2743.2595
2024-02-14 00:00:00+00:00,3340.4885,3139.095,2801.5999,2852.8655,2880.2327,2884.0586,2682.467,2691.0215,2820.5068,2761.5808,2926.2705,2945.9617,2936.4453,2761.258,2659.984,2720.5488,3494.1904,2971.1382,2936.5215,2815.7766,2812.7275,2977.2793,2643.6292,3111.021,2781.108,2917.7239,3423.4373,3273.9834,2780.7756,2726.1567,3014.5095,2631.8584,3144.9885,3080.4646,3135.2634,2545.2534,3256.7961,3031.8647,3088.1768,2939.0828,2721.144,2856.252,2852.8923,2707.3218,2890.3538,2761.0056,2783.8025,2801.0796,2618.2449,2700.3923,2700.2021,2656.3997
2024-02-14 06:00:00+00:00,3267.823,3099.4387,2739.5632,2794.6497,2806.0803,2781.3247,2583.0066,2574.5598,2753.283,2715.7854,2865.6877,2879.6213,2871.9478,2656.0515,2573.6804,2628.776,3486.55,2871.5217,2850.5166,2738.3428,2724.4807,2915.0256,2544.4841,3097.1338,2703.4473,2844.0464,3400.625,3198.2358,2727.7375,2630.7776,2933.5469,2550.8142,3109.7334,2999.344,3094.7002,2449.1448,3194.6519,3003.6658,3050.481,2836.976,2630.6038,2807.7534,2788.1873,2623.6672,2880.3745,2675.9912,2699.6326,2716.0215,2534.9365,2625.642,2609.928,2580.6833
2024-02-14 12:00:00+00:00,3209.4924,3062.5178,2692.6606,2749.4812,2744.7046,2689.8591,2497.002,2466.006,2702.6177,2675.6206,2825.052,2827.1143,2817.4788,2560.0525,2495.9702,2550.2866,3451.9348,2780.7969,2767.0166,2673.5159,2642.8235,2867.244,2455.4834,3087.494,2637.975,2785.6016,3385.0667,3123.5608,2686.583,2550.649,2852.4758,2486.8555,3115.7502,2918.8848,3078.7942,2367.558,3141.2632,2977.1404,3021.0164,2747.4546,2543.3682,2764.4448,2731.6445,2547.8706,2896.204,2600.0146,2624.4863,2639.0308,2465.4673,2563.7368,2527.5115,2514.263
2024-02-14 18:00:00+00:00,3175.3477,3016.2659,2656.8074,2716.33,2700.8145,2612.6235,2427.1292,2367.7476,2663.1526,2643.8171,2771.4272,2783.9355,2777.238,2477.5266,2424.0886,2485.384,3401.0933,2701.4429,2688.5657,2623.7185,2569.1462,2824.7773,2377.7207,3078.9675,2588.233,2737.6562,3367.66,3059.079,2650.309,2486.0747,2778.3286,2409.0198,3094.5435,2833.3176,3088.0735,2305.9722,3094.0027,2942.4397,2998.198,2668.8494,2460.149,2714.5085,2683.4607,2479.7446,2935.6748,2534.4546,2560.7314,2571.5977,2411.9856,2517.662,2453.0417,2454.9731
2024-02-15 00:00:00+00:00,3169.7039,2969.9731,2635.8853,2694.47,2679.0327,2551.2861,2375.2815,2281.475,2647.298,2635.3164,2745.2883,2762.326,2753.4395,2408.0962,2355.2126,2433.7937,3364.1697,2634.9211,2617.7637,2590.3904,2505.2427,2791.6255,2312.1685,3067.7966,2553.8853,2703.909,3358.7063,3013.583,2640.0164,2435.4243,2716.413,2330.3079,3051.0984,2769.8157,3120.4705,2269.949,3051.1313,2928.7468,2975.3127,2598.5435,2381.6816,2696.7783,2645.123,2418.8977,2996.0586,2480.061,2512.122,2519.874,2375.4382,2491.4797,2385.882,2401.7705
2024-02-15 06:00:00+00:00,3189.5596,2929.1035,2636.0645,2683.33,2681.9043,2506.9702,2357.5598,2207.4617,2657.088,2642.947,2782.992,2774.1125,2743.9368,2348.7888,2287.5405,2395.517,3345.2705,2580.7336,2559.42,2572.1367,2451.7722,2756.2122,2257.7864,3050.2903,2532.3223,2682.0972,3369.4983,2990.2397,2646.3704,2395.5005,2666.912,2269.5906,3005.883,2761.7876,3173.077,2260.3538,3042.766,2955.7258,2948.5906,2534.1572,2312.8833,2716.929,2616.2603,2367.2996,3069.8606,2436.416,2480.385,2489.3616,2354.5415,2488.023,2331.4043,2354.3188
2024-02-15 12:00:00+00:00,3227.3198,2895.371,2653.913,2681.9224,2707.7405,2483.4592,2372.195,2144.179,2650.0889,2650.0742,2853.742,2793.5728,2744.104,2299.4216,2220.3984,2366.9614,3328.774,2536.3472,2521.175,2565.4792,2408.4143,2730.119,2212.1206,3024.8765,2521.2546,2662.7483,3371.0554,2965.5198,2660.5527,2362.2212,2629.404,2235.858,2965.503,2723.1848,3239.9604,2274.3882,3053.1323,2997.9907,2921.9265,2473.8157,2256.2498,2757.6216,2595.5725,2325.405,3146.1245,2401.8728,2462.9504,2474.2847,2347.4045,2501.3018,2281.948,2312.6982
2024-02-15 18:00:00+00:00,3274.2368,2870.6306,2681.4438,2688.4053,2750.1345,2479.7761,2400.773,2089.1313,2640.9897,2661.12,2928.037,2798.6235,2749.6882,2264.2942,2153.5002,2342.4158,3352.4556,2498.4226,2509.8367,2565.2876,2374.2202,2714.4253,2171.893,2992.8098,2520.824,2639.202,3369.353,2949.3916,2679.3135,2332.0942,2601.4155,2197.5876,2932.6794,2684.7231,3309.9102,2308.6216,3066.3845,3036.717,2903.0679,2417.1572,2210.1868,2801.0776,2583.2246,2291.3005,3213.542,2373.9768,2450.8257,2460.8948,2352.5874,2521.4072,2236.0808,2276.8757
2024-02-16 00:00:00+00:00,3322.6199,2856.4976,2712.2432,2700.0151,2799.8232,2499.3713,2456.7705,2039.3351,2640.9019,2679.5369,2978.6074,2801.402,2758.1694,2248.7266,2086.6199,2318.4497,3376.2385,2464.39,2526.7139,2572.9475,2347.3152,2703.9028,2133.9292,2956.3079,2528.5227,2608.97,3394.0576,2947.1016,2708.9363,2303.1204,2584.9624,2161.4495,2909.629,2660.426,3375.2659,2358.837,3093.4727,3063.8738,2899.6077,2365.264,2171.0454,2836.722,2579.5488,2262.28,3263.3806,2348.7842,2450.2102,2453.4458,2367.8545,2572.1812,2202.4934,2246.1985
2024-02-16 06:00:00+00:00,3367.0112,2853.2705,2743.4282,2713.2058,2847.8086,2540.78,2531.4104,1993.1658,2643.7732,2692.651,3035.563,2807.9587,2768.203,2254.3186,2019.5151,2294.6335,3409.1667,2433.2234,2566.2715,2590.5183,2325.1333,2694.5652,2095.889,2917.9595,2541.4863,2572.4817,3463.0933,2952.901,2756.3696,2275.9573,2581.587,2148.8838,2897.705,2653.6157,3431.6384,2419.7559,3141.9197,3081.2114,2918.3887,2322.3943,2135.1072,2860.5532,2583.6946,2236.8057,3290.0422,2331.9817,2466.5798,2471.951,2388.5269,2650.6194,2179.6887,2219.7449
2024-02-16 12:00:00+00:00,3404.552,2860.8896,2775.5127,2723.737,2887.6025,2600.284,2621.0789,1951.1466,2645.2817,2692.9165,3101.055,2813.0808,2778.8416,2280.9583,1952.3805,2271.694,3447.985,2405.4329,2619.004,2602.5508,2304.3716,2688.1206,2057.0718,2879.9797,2559.9985,2532.7507,3571.2034,2963.8865,2826.673,2253.266,2588.1633,2156.0188,2897.7393,2662.138,3473.6177,2486.2334,3199.94,3095.5354,2962.6433,2291.8647,2100.1228,2877.6863,2594.9468,2213.7317,3291.919,2331.8835,2493.5447,2513.2222,2407.6956,2712.1882,2162.2415,2196.671
2024-02-16 18:00:00+00:00,3434.5576,2878.6248,2809.3984,2727.56,2915.7002,2669.773,2728.04,1914.9191,2672.4287,2680.2312,3193.997,2810.7085,2789.1426,2323.1829,1885.5695,2249.901,3484.4841,2382.2217,2675.4697,2612.9873,2281.8447,2692.2075,2017.8567,2842.1729,2586.8782,2493.8945,3706.2026,2983.2253,2909.235,2237.6694,2607.041,2170.4805,2907.692,2688.9158,3498.784,2553.9656,3266.1519,3114.2185,3030.5066,2248.7422,2065.3782,2895.979,2604.4897,2191.9797,3271.2917,2313.6213,2521.7898,2556.9375,2418.1404,2752.6265,2147.9514,2176.102
2024-02-17 00:00:00+00:00,3457.4045,2904.5422,2843.7766,2723.0513,2930.6335,2740.0232,2846.9685,1884.3915,2708.438,2657.3142,3317.6443,2797.406,2798.0464,2385.6838,1819.412,2228.8994,3516.4126,2364.386,2728.442,2634.5193,2255.3877,2725.3132,1978.7302,2801.998,2622.7664,2459.2727,3857.0325,3015.1414,2990.9124,2229.8616,2633.4126,2185.258,2925.208,2732.087,3506.6992,2618.5918,3343.804,3144.3018,3115.124,2204.8018,2030.9497,2921.1396,2622.039,2170.6775,3233.1956,2291.753,2546.0193,2594.2654,2414.8071,2773.004,2137.5876,2156.8354
2024-02-17 06:00:00+00:00,3473.358,2936.7788,2875.259,2711.9111,2931.6616,2810.6436,2970.899,1857.8907,2702.251,2630.6655,3427.1995,2774.3423,2804.401,2457.3467,1754.7915,2208.299,3549.4072,2352.3264,2773.4897,2665.2246,2224.8623,2790.5127,1939.3551,2757.7803,2664.638,2431.258,4019.8198,3062.5066,3065.0571,2229.2812,2659.4067,2199.553,2953.5032,2786.067,3501.078,2681.0447,3433.8625,3192.1152,3207.0422,2168.9998,1997.6317,2959.8281,2655.8792,2152.2046,3183.6455,2279.11,2566.7532,,2396.344,2770.7434,2132.8196,2137.6772
2024-02-17 12:00:00+00:00,3482.5947,2973.3845,2900.5642,2696.1948,2918.12,2874.643,3092.1702,1832.7242,2669.7126,2607.5825,3507.174,2746.3425,2806.922,2517.2698,1692.9558,2188.1963,3593.8015,2345.9138,2809.4128,2680.8953,2192.2773,2892.5684,1897.8444,2711.3093,2708.0923,2412.0437,4194.316,3125.5771,3129.432,2234.9792,2685.1096,2217.4194,2978.9185,2844.5366,3492.5312,2730.5208,3531.3562,3264.6606,3298.5361,2140.463,1966.1418,3018.5713,2703.1707,2137.3557,3127.748,2274.9214,2586.6497,,2365.1519,2748.8162,2132.9102,2118.4282
2024-02-17 18:00:00+00:00,3485.4358,3016.0134,2918.6855,2678.9607,2889.6313,2922.9255,3209.8992,1806.3124,2629.742,2592.1548,3558.7058,2718.78,2804.6165,2573.4187,1633.1678,2168.9624,3657.0764,2345.1965,2837.684,2695.9297,2160.4863,3020.952,1858.6322,2666.7244,2750.2332,2403.0955,4388.8413,3201.5598,3183.0522,2244.8972,2703.6514,2245.7246,2999.176,2905.3315,3493.5078,2757.6074,3626.6216,3357.285,3385.9404,2116.2136,1935.7587,3099.6438,2754.9802,2129.2637,3070.2368,2272.3132,2607.2703,,2325.7651,2714.6985,2129.4312,2100.2263
2024-02-18 00:00:00+00:00,3482.7363,3062.863,2930.3403,2664.8745,2846.5076,2947.4075,3345.8796,1776.7694,2594.842,2583.5693,3598.9688,2694.9412,2795.8977,2628.8442,1576.4617,2149.827,3745.241,2348.2217,2860.9639,2702.6885,2131.876,3169.4666,1827.832,2627.4973,2790.068,2404.507,4593.4077,3285.8906,3228.2441,2255.5137,2713.8726,2289.7979,3016.6733,2959.0796,3510.7031,2789.361,3719.3538,3470.141,3469.025,2094.8894,1904.5868,3199.2234,2807.5732,2131.8813,3015.829,2265.0215,2629.0764,,2283.5525,2676.0522,2128.7751,2084.999
2024-02-18 06:00:00+00:00,3475.9944,3119.8438,2935.0974,2657.896,2789.6968,2949.4678,3523.2173,1743.6627,2566.0046,2580.1655,3639.1611,2675.77,2780.6553,2681.4685,1526.562,2138.8264,3867.416,2352.1602,2881.3281,2685.8984,2107.836,3326.8853,1817.9333,2594.6987,2826.1155,2415.9485,4794.5635,3374.0715,3269.3022,2262.6245,2731.6917,2351.4827,3029.7021,3007.523,3544.5178,2831.4243,3819.6082,3607.6042,3548.3572,2076.7627,1870.7593,3309.4573,2853.7139,2150.4722,2967.5579,2253.5232,2652.713,,2243.031,2639.5308,2137.3438,2074.1853
2024-02-18 12:00:00+00:00,3467.0234,3175.012,2930.578,2660.6013,2720.9324,2936.0005,3641.9424,1708.3334,2541.3293,2583.3403,3685.3323,2660.7754,2759.6526,2734.5916,1484.3877,2129.347,4019.1848,2356.5823,2899.0469,2664.7888,2088.8328,3474.604,1778.8817,2567.0613,2856.079,2437.1487,4990.1006,3462.5908,3312.5503,2262.7278,2767.7861,2431.7336,3036.5554,3063.831,3592.3848,2860.8665,3934.5122,3760.8154,3625.3738,2062.502,1833.6945,3421.129,2891.4788,2186.542,2924.123,2242.9744,2678.6816,,2206.1199,2611.3362,2158.199,2067.9026
2024-02-18 18:00:00+00:00,3457.4941,3226.3865,2914.7317,2673.0974,2642.4558,2918.27,3755.4802,1673.4886,2519.9731,2596.3672,3741.7712,2648.303,2733.987,2793.0835,1447.4133,2106.2004,4141.108,2361.956,2912.433,2658.568,2074.6284,3618.2734,1741.1373,2541.781,2876.3528,2467.1506,5184.9995,3548.2566,3365.822,2254.0232,2823.2554,2530.2725,3036.457,3128.0305,3651.3828,2856.508,4065.4775,3912.7063,3701.1035,2052.8816,1794.2983,3524.925,2925.0151,2237.6902,2881.1396,2241.9326,2706.319,,2175.1118,2596.4756,2192.1074,2065.2266
2024-02-19 00:00:00+00:00,3448.622,3271.6401,2888.0015,2692.2078,2556.5566,2902.4614,3902.6663,1641.9531,2501.0889,2620.7266,3809.3457,2636.1995,2704.024,2860.3938,1413.8623,2077.7798,4250.849,2368.022,2918.799,2678.2551,2064.3909,3755.8926,1722.9558,2515.2913,2883.1077,2503.758,5379.246,3627.0427,3433.0806,2237.0334,2901.2095,2645.8018,3028.3884,3188.072,3719.3958,2834.2786,4208.8716,4049.574,3774.508,2048.7063,1754.7424,3612.538,2961.6,2298.0662,2839.043,2256.5837,2734.065,,2146.6099,2597.3635,2234.4058,2064.9255
2024-02-19 06:00:00+00:00,3440.8066,3320.7324,2853.5112,2712.2053,2467.2622,2891.4736,3999.2905,1616.7778,2485.248,2654.5776,3886.5852,2622.5505,2670.0122,2938.5369,1383.3556,2049.8025,4349.0024,2374.313,2915.624,2727.664,2056.8818,3858.1257,1716.1652,2484.7368,2873.7795,2544.1284,5562.8438,3694.203,3518.6716,2214.2212,3000.3557,2773.7236,3012.47,3233.7969,3794.5566,2811.847,4362.7905,4166.2383,3843.608,2050.3684,1717.5581,3678.5505,3010.578,2361.3975,2803.0403,2289.8965,2759.7146,,2123.3506,2615.3528,2280.926,2065.775
2024-02-19 12:00:00+00:00,3433.5923,3376.014,2815.442,2726.7842,2378.5098,2888.2705,4063.9275,1599.8429,2474.401,2693.5955,3971.276,2605.7463,2633.1797,3027.8997,1355.3679,2027.1708,4418.1943,2380.9985,2901.5444,2802.1553,2050.6504,3924.4436,1707.349,2448.6323,2848.696,2585.901,5721.174,3745.4148,3624.5,2189.3257,3106.0586,2905.4387,2991.6597,3263.1306,3874.5793,2757.5457,4532.0947,4261.091,3907.0596,2057.6191,1685.0398,3721.5515,3084.1846,2422.0798,2774.7104,2343.872,2781.4863,,2107.094,2653.5017,2328.6128,2066.8416
2024-02-19 18:00:00+00:00,3425.5908,3406.8445,2777.4856,2731.4993,2287.0962,2894.9414,4120.1953,1591.2966,2469.118,2733.031,4060.457,2584.9126,2594.6846,3129.3064,1328.7996,2015.5249,4464.9126,2387.6064,2876.4404,2889.9001,2044.3427,3962.111,1690.3536,2406.6987,2811.3743,2626.735,5842.875,3777.9043,3749.009,2165.7559,3231.7446,3031.4058,2970.8518,3281.7432,3955.9255,2703.0364,4722.297,4335.9126,3964.8928,2069.7217,1658.7606,3743.9424,3170.9695,2479.4775,2753.8516,2419.616,2798.28,,2089.4792,2716.036,2372.4624,2067.138
2024-02-20 00:00:00+00:00,3414.671,3422.6643,2741.8384,2724.6467,2197.5205,2909.4062,4172.4395,1590.211,2467.8079,2768.8748,4152.0605,2560.938,2554.4917,3243.0227,1302.0629,2019.3354,4494.447,2393.1782,2841.1538,2975.8281,2036.5979,3993.448,1665.2767,2359.9844,2767.2346,2664.2515,5924.4634,3790.907,3887.089,2146.3906,3380.968,3143.878,2953.6055,3297.4866,4033.7827,2668.614,4928.7085,4392.8286,4017.8193,2085.404,1639.5107,3750.203,3267.0767,2537.568,2739.2002,2515.5083,2809.3223,,2072.9612,2803.8835,2410.5042,2065.3618
2024-02-20 06:00:00+00:00,3398.2773,3445.9207,2709.2195,2707.5552,2113.6016,2926.5767,4218.959,1595.0723,2470.3618,2798.7966,4242.2607,2536.8733,2512.179,3367.0686,1275.1549,2039.6389,4503.519,2399.2603,2797.124,3048.547,2026.4982,4028.7034,1636.2507,2309.9238,2721.688,2695.2957,5971.444,3785.4966,4039.4878,2131.344,3533.8604,3237.7258,2940.943,3316.8398,4103.2515,2660.9575,5141.0557,4433.9395,4066.0605,2102.4888,1627.8988,3744.5427,3370.3508,2602.231,2727.807,2626.4717,2814.3528,,2057.0217,2910.7427,2441.503,2059.9597
2024-02-20 12:00:00+00:00,3374.048,3481.6003,2679.2148,2684.2466,2036.8591,2942.0747,4257.979,1604.712,2481.6729,2822.4941,4324.782,2517.0366,2467.9158,3496.6777,1252.5327,2073.3767,4490.2666,2404.4897,2746.3154,3103.2375,2013.3528,4050.2893,1611.1864,2258.1218,2678.841,2716.6504,5996.4946,3763.8506,4208.51,2130.7449,3672.212,3313.9194,2930.2798,3343.5847,4158.0923,2682.67,5344.271,4464.1606,4109.314,2117.9297,1625.2621,3729.8225,3478.6882,2678.481,2722.4424,2745.0286,2816.965,,2043.8535,3023.9211,2465.2024,2049.3948
2024-02-20 18:00:00+00:00,3340.0144,3533.2861,2650.5383,2659.896,1967.1118,2953.1316,4287.412,1619.4343,2509.6921,2841.5012,4406.9155,2505.1365,2422.3638,3625.183,1243.1841,2114.8594,4458.9395,2408.1584,2690.827,3139.0894,1996.6924,4082.1724,1596.4075,2205.882,2640.58,2725.9814,6014.2837,3728.694,4392.811,2129.8801,3792.5532,3375.1877,2918.8586,3378.2397,4194.8696,2733.4177,5533.6787,4489.871,4147.6963,2128.5066,1632.9629,3707.6023,3589.6719,2765.3362,2733.9065,2862.6335,2819.5188,,2024.4049,3127.9282,2482.971,2032.5696
2024-02-21 00:00:00+00:00,3295.1523,3593.6492,2620.7024,2638.7183,1902.8998,2960.0735,4313.064,1639.741,2560.261,2858.4185,4496.5586,2502.6565,2376.2627,3745.1382,1256.7828,2158.048,4412.7715,2416.8125,2632.2385,3159.8438,1976.289,4126.7314,1596.0328,2153.8235,2606.3481,2722.7048,6034.765,3682.724,4593.995,2124.2954,3894.8132,3423.618,2902.413,3417.6577,4211.03,2805.2134,5716.016,4520.893,4182.307,2131.9832,1649.8857,3678.0173,3695.4023,2862.092,2765.5396,2970.5332,2821.614,,2003.7545,3209.8386,2497.1453,2009.0724
2024-02-21 06:00:00+00:00,3239.4263,3646.6235,2587.285,2622.908,1842.9897,2964.1362,4337.0103,1665.8531,2633.0903,2876.3762,4588.2666,2508.1353,2330.3032,3849.6936,1298.7806,2197.8098,4355.8315,2431.7266,2571.028,3171.0566,1952.1741,4171.84,1617.8827,2101.9805,2573.823,2706.7039,6059.094,3628.2183,4792.6323,2117.2178,3974.3787,3462.763,2895.1665,3457.9604,4203.119,2886.8525,5894.302,4554.967,4214.744,2128.0178,1672.8397,3640.4802,3783.5166,2967.1838,2817.5715,3060.6057,2820.9229,,1983.0447,3262.6182,2510.2395,1979.1487
2024-02-21 12:00:00+00:00,3174.3281,3672.8955,2549.0203,2610.9568,1786.937,2966.7222,4363.9214,1698.4044,2721.0623,2898.3572,4671.771,2517.072,2285.1516,3933.4553,1367.0864,2230.2002,4293.7954,2448.152,2506.731,3177.3538,1924.4678,4211.1006,1664.3949,2049.3542,2540.5244,2678.142,6080.6646,3566.6804,4979.966,2108.8486,4026.1482,3492.6199,2921.4368,3499.3872,4167.1562,2970.1777,6091.206,4587.419,4246.3154,2118.2615,1700.3822,3594.792,3844.7415,3077.1948,2887.9167,3125.7903,2814.2666,,1958.7825,3285.265,2523.36,1943.6267
2024-02-21 18:00:00+00:00,3102.5845,3670.293,2501.9082,2599.7607,1733.9894,2967.9297,4394.3003,1738.3092,2812.8083,2926.3894,4739.2812,2524.2202,2241.6328,3992.471,1452.9219,2252.444,4231.0625,2463.051,2439.0276,3181.8665,1893.5192,4248.839,1737.133,1995.3003,2504.7156,2638.8953,6090.2134,3498.7285,5163.925,2098.7292,4051.737,3515.1467,2926.5967,3552.4255,4105.5864,3050.1943,6286.406,4606.859,4277.506,2105.495,1734.4415,3540.8225,3875.9827,3186.651,2967.8865,3160.7817,2798.2192,,1940.0492,3280.777,2534.449,1903.9943
2024-02-22 00:00:00+00:00,3027.5063,3665.1033,2445.4556,2584.4912,1683.3762,2968.8594,4431.435,1784.6587,2895.8372,2961.285,4789.064,2524.2676,2200.4644,4022.7139,1543.7382,2263.3313,4170.0293,2467.886,2367.6829,3187.27,1859.79,4292.568,1817.9056,1938.9392,2465.6184,2590.255,6080.726,3424.4343,5338.8057,2086.148,4053.5923,3521.892,2921.9863,3632.9573,4021.0935,3121.6917,6438.579,4609.893,4307.7983,2092.244,1777.4629,3478.9766,3875.0854,3289.9229,3050.819,3162.8713,2769.7153,,1934.8137,3253.477,2542.101,1865.6387
